# {"t_start": 1592858214.5598648, "env_id": "CartPole-v0"} 
r,l,t
8.0,8,0.084375
9.0,9,0.099481
