# {"t_start": 1592858214.5736876, "env_id": "CartPole-v0"} 
r,l,t
10.0,10,0.074169
