# {"t_start": 1592858214.6300952, "env_id": "CartPole-v0"} 
r,l,t
8.0,8,0.01433
9.0,9,0.029519
