# {"t_start": 1592864771.5459683, "env_id": "MountainCarContinuous-v0"} 
r,l,t
-2019.828884,999,1.605094
-2027.484195,999,3.067027
