# {"t_start": 1592864771.5602846, "env_id": "MountainCarContinuous-v0"} 
r,l,t
-1992.32286,999,1.590778
-1931.079758,999,3.052799
