# {"t_start": 1592864771.5743253, "env_id": "MountainCarContinuous-v0"} 
r,l,t
-1957.148714,999,1.576787
-2007.161219,999,3.038768
