# {"t_start": 1592864771.588407, "env_id": "MountainCarContinuous-v0"} 
r,l,t
-2039.132675,999,1.562716
-2025.823396,999,3.024734
