# {"t_start": 1592864771.6025498, "env_id": "MountainCarContinuous-v0"} 
r,l,t
-1929.256378,999,1.548617
-1943.592048,999,3.010609
