# {"t_start": 1592864771.6170223, "env_id": "MountainCarContinuous-v0"} 
r,l,t
-2006.868028,999,1.534264
-1990.257822,999,2.996184
