# {"t_start": 1592864771.6313186, "env_id": "MountainCarContinuous-v0"} 
r,l,t
-1923.961109,999,1.519925
-2040.677147,999,2.981919
