# {"t_start": 1592864771.6457393, "env_id": "MountainCarContinuous-v0"} 
r,l,t
-2029.881443,999,1.505538
-2042.205749,999,2.967557
