{"min_rewards": [-138.002034, -138.002034, -138.002034, -138.002034, -138.002034, -138.002034, -138.002034, -138.002034, -138.002034], "max_rewards": [-108.221815, -108.221815, -104.908149, -104.908149, -100.087794, -100.087794, -88.916878, -88.916878, -86.730229], "mean_rewards": [-122.2567805, -122.2567805, -117.83698931250001, -117.83698931250001, -114.744325875, -114.744325875, -110.86397131249998, -110.86397131249998, -107.908601275], "median_rewards": [-119.430808, -119.430808, -116.579288, -116.579288, -113.18281999999999, -113.18281999999999, -109.75677300000001, -109.75677300000001, -105.700796], "nr_episodes": [12288, 16384, 20480, 24576, 28672, 32768, 36864, 40960, 45056], "times": [2.0601203441619873, 0.9708952903747559, 0.9785974025726318, 0.9760901927947998, 0.9662559032440186, 0.9705288410186768, 0.9583604335784912, 0.9708433151245117, 0.9628937244415283], "num_total_steps": [12288, 16384, 20480, 24576, 28672, 32768, 36864, 40960, 45056]}