{"min_rewards": [-138.002034, -138.002034, -138.002034, -138.002034, -138.002034, -138.002034, -138.002034, -138.002034, -138.002034, -138.002034, -138.002034, -138.002034, -138.002034, -138.002034, -138.002034, -138.002034, -138.002034, -138.002034, -138.002034], "max_rewards": [-108.221815, -108.221815, -104.908149, -104.908149, -100.087794, -100.087794, -88.916878, -88.916878, -86.730229, -86.730229, 18.99661, 61.030286, 61.030286, 74.493101, 74.493101, 74.493101, 74.493101, 74.493101, 74.493101], "mean_rewards": [-122.2567805, -122.2567805, -117.83698931250001, -117.83698931250001, -114.744325875, -114.744325875, -110.86397131249998, -110.86397131249998, -107.908601275, -107.908601275, -98.82159966666666, -86.65308555769231, -78.62733798275862, -66.29824081818181, -56.94385006944444, -50.346255792207785, -42.509089744186035, -32.45546816842105, -26.95291517], "median_rewards": [-119.430808, -119.430808, -116.579288, -116.579288, -113.18281999999999, -113.18281999999999, -109.75677300000001, -109.75677300000001, -105.700796, -105.700796, -104.87973199999999, -102.9460415, -100.33147299999999, -98.6949385, -97.206407, -95.737016, -92.674948, -87.170251, 14.280953499999999], "nr_episodes": [12288, 16384, 20480, 24576, 28672, 32768, 36864, 40960, 45056, 49152, 53248, 57344, 61440, 65536, 69632, 73728, 77824, 81920, 86016], "times": [2.0601203441619873, 0.9708952903747559, 0.9785974025726318, 0.9760901927947998, 0.9662559032440186, 0.9705288410186768, 0.9583604335784912, 0.9708433151245117, 0.9628937244415283, 0.9854686260223389, 0.9845559597015381, 0.9789435863494873, 0.9779746532440186, 0.9869599342346191, 0.9719841480255127, 0.9785399436950684, 0.9808158874511719, 0.9590437412261963, 0.9732861518859863], "num_total_steps": [12288, 16384, 20480, 24576, 28672, 32768, 36864, 40960, 45056, 49152, 53248, 57344, 61440, 65536, 69632, 73728, 77824, 81920, 86016]}