{"min_rewards": [-138.002034, -138.002034, -138.002034, -138.002034, -138.002034, -138.002034, -138.002034, -138.002034, -138.002034, -138.002034, -138.002034, -138.002034, -138.002034, -138.002034, -138.002034, -138.002034, -138.002034, -138.002034, -138.002034, -116.29233, -113.459351, -105.6258, -105.6258, -103.051698, -103.051698, -103.051698, 28.768942, 28.949445, 37.489707, 37.489707, 46.473617, 46.473617, 46.473617, 46.473617, 47.201162, 47.201162, 47.201162, 47.201162, 47.201162], "max_rewards": [-108.221815, -108.221815, -104.908149, -104.908149, -100.087794, -100.087794, -88.916878, -88.916878, -86.730229, -86.730229, 18.99661, 61.030286, 61.030286, 74.493101, 74.493101, 74.493101, 74.493101, 74.493101, 74.493101, 76.571645, 76.571645, 76.571645, 76.571645, 76.571645, 78.680218, 82.941748, 82.941748, 82.941748, 82.941748, 82.941748, 82.941748, 82.941748, 82.941748, 81.043532, 81.043532, 81.043532, 81.043532, 80.295319, 80.270908], "mean_rewards": [-122.2567805, -122.2567805, -117.83698931250001, -117.83698931250001, -114.744325875, -114.744325875, -110.86397131249998, -110.86397131249998, -107.908601275, -107.908601275, -98.82159966666666, -86.65308555769231, -78.62733798275862, -66.29824081818181, -56.94385006944444, -50.346255792207785, -42.509089744186035, -32.45546816842105, -26.95291517, -9.32831504, 5.766040310000001, 24.613401500000005, 39.777330490000004, 48.62899078, 56.3493873, 59.99900778, 63.075214680000016, 65.54629959, 67.08156311, 67.10180399, 67.77846747000001, 68.31914976, 68.08210881, 67.2555901, 68.09768804000001, 67.60440308, 66.93275887, 66.53690511, 66.27772323], "median_rewards": [-119.430808, -119.430808, -116.579288, -116.579288, -113.18281999999999, -113.18281999999999, -109.75677300000001, -109.75677300000001, -105.700796, -105.700796, -104.87973199999999, -102.9460415, -100.33147299999999, -98.6949385, -97.206407, -95.737016, -92.674948, -87.170251, 14.280953499999999, 29.532960000000003, 36.982147499999996, 48.731747, 55.259415000000004, 57.020281, 61.141578, 65.1534535, 65.1354825, 67.3518665, 68.13450950000001, 67.86238349999999, 68.963952, 69.5078645, 69.46157600000001, 68.603828, 69.458588, 69.085842, 68.100156, 67.800647, 67.741867], "nr_episodes": [12288, 16384, 20480, 24576, 28672, 32768, 36864, 40960, 45056, 49152, 53248, 57344, 61440, 65536, 69632, 73728, 77824, 81920, 86016, 90112, 94208, 98304, 102400, 106496, 110592, 114688, 118784, 122880, 126976, 131072, 135168, 139264, 143360, 147456, 151552, 155648, 159744, 163840, 167936], "times": [2.0601203441619873, 0.9708952903747559, 0.9785974025726318, 0.9760901927947998, 0.9662559032440186, 0.9705288410186768, 0.9583604335784912, 0.9708433151245117, 0.9628937244415283, 0.9854686260223389, 0.9845559597015381, 0.9789435863494873, 0.9779746532440186, 0.9869599342346191, 0.9719841480255127, 0.9785399436950684, 0.9808158874511719, 0.9590437412261963, 0.9732861518859863, 0.9826185703277588, 0.9761457443237305, 0.9784693717956543, 0.9925601482391357, 0.9821112155914307, 0.9720170497894287, 0.9764151573181152, 0.9727904796600342, 0.9831640720367432, 0.9791827201843262, 0.9815402030944824, 0.9756338596343994, 0.9757609367370605, 0.9714407920837402, 0.9773647785186768, 0.9709069728851318, 0.9681293964385986, 0.9728107452392578, 0.9733788967132568, 0.9691619873046875], "num_total_steps": [12288, 16384, 20480, 24576, 28672, 32768, 36864, 40960, 45056, 49152, 53248, 57344, 61440, 65536, 69632, 73728, 77824, 81920, 86016, 90112, 94208, 98304, 102400, 106496, 110592, 114688, 118784, 122880, 126976, 131072, 135168, 139264, 143360, 147456, 151552, 155648, 159744, 163840, 167936]}