{"min_rewards": [8.0, 9.0, 9.0, 8.0, 10.0, 10.0, 14.0, 13.0, 12.0, 10.0], "max_rewards": [119.0, 57.0, 85.0, 93.0, 131.0, 143.0, 143.0, 200.0, 200.0, 200.0], "mean_rewards": [21.95, 23.12, 28.67, 34.99, 39.67, 47.69, 56.18, 71.55, 92.44, 108.25], "median_rewards": [20.0, 20.0, 24.0, 32.0, 31.0, 42.0, 48.0, 61.0, 83.0, 97.5], "nr_episodes": [8192, 12288, 16384, 20480, 24576, 28672, 32768, 36864, 40960, 45056], "times": [1.1974403858184814, 0.9734580516815186, 0.9741606712341309, 0.9867455959320068, 0.9683406352996826, 1.0685791969299316, 0.9941918849945068, 0.9689888954162598, 0.9938750267028809, 0.9720888137817383], "num_total_steps": [8192, 12288, 16384, 20480, 24576, 28672, 32768, 36864, 40960, 45056]}