{"min_rewards": [8.0, 9.0, 9.0, 8.0, 10.0, 10.0, 14.0, 13.0, 12.0, 10.0, 10.0, 10.0, 14.0, 14.0, 34.0, 34.0, 34.0, 92.0, 92.0, 92.0, 92.0, 117.0, 117.0, 146.0, 146.0, 156.0, 156.0, 156.0, 164.0, 159.0], "max_rewards": [119.0, 57.0, 85.0, 93.0, 131.0, 143.0, 143.0, 200.0, 200.0, 200.0, 200.0, 200.0, 200.0, 200.0, 200.0, 200.0, 200.0, 200.0, 200.0, 200.0, 200.0, 200.0, 200.0, 200.0, 200.0, 200.0, 200.0, 200.0, 200.0, 200.0], "mean_rewards": [21.95, 23.12, 28.67, 34.99, 39.67, 47.69, 56.18, 71.55, 92.44, 108.25, 125.31, 137.58, 154.15, 163.52, 167.63, 167.8, 171.03, 179.57, 181.79, 186.56, 187.55, 190.64, 191.77, 194.28, 195.18, 196.45, 197.78, 198.26, 198.76, 199.12], "median_rewards": [20.0, 20.0, 24.0, 32.0, 31.0, 42.0, 48.0, 61.0, 83.0, 97.5, 137.5, 151.5, 162.5, 170.0, 170.0, 174.0, 182.5, 189.0, 192.0, 200.0, 200.0, 200.0, 200.0, 200.0, 200.0, 200.0, 200.0, 200.0, 200.0, 200.0], "nr_episodes": [8192, 12288, 16384, 20480, 24576, 28672, 32768, 36864, 40960, 45056, 49152, 53248, 57344, 61440, 65536, 69632, 73728, 77824, 81920, 86016, 90112, 94208, 98304, 102400, 106496, 110592, 114688, 118784, 122880, 126976], "times": [1.1974403858184814, 0.9734580516815186, 0.9741606712341309, 0.9867455959320068, 0.9683406352996826, 1.0685791969299316, 0.9941918849945068, 0.9689888954162598, 0.9938750267028809, 0.9720888137817383, 1.041736125946045, 0.9889059066772461, 0.9778909683227539, 0.9819674491882324, 0.9663677215576172, 0.973320484161377, 0.9797368049621582, 0.9766509532928467, 0.9870820045471191, 0.9878890514373779, 0.9860079288482666, 0.9789888858795166, 0.9809384346008301, 0.9840819835662842, 0.9774892330169678, 0.9686260223388672, 0.9795997142791748, 0.9896726608276367, 0.9846811294555664, 0.9764189720153809], "num_total_steps": [8192, 12288, 16384, 20480, 24576, 28672, 32768, 36864, 40960, 45056, 49152, 53248, 57344, 61440, 65536, 69632, 73728, 77824, 81920, 86016, 90112, 94208, 98304, 102400, 106496, 110592, 114688, 118784, 122880, 126976]}