{"min_rewards": [-500.0, -500.0, -500.0, -500.0, -500.0, -500.0, -500.0, -500.0, -500.0, -500.0, -500.0, -500.0, -500.0, -500.0, -500.0, -500.0, -500.0, -500.0, -373.0, -373.0, -471.0, -471.0, -471.0, -471.0, -470.0, -320.0, -320.0, -389.0, -389.0, -447.0, -447.0, -447.0, -394.0, -292.0, -292.0, -232.0, -232.0, -232.0, -223.0, -271.0, -271.0, -292.0, -292.0, -292.0, -290.0, -290.0, -266.0, -174.0, -174.0, -203.0, -214.0, -214.0, -249.0, -249.0, -500.0, -500.0, -203.0, -203.0, -221.0, -221.0, -237.0, -500.0, -500.0, -500.0, -500.0, -199.0, -301.0, -301.0, -232.0, -225.0, -225.0, -360.0, -360.0, -224.0, -188.0, -171.0, -500.0, -500.0, -160.0, -285.0, -285.0, -174.0, -228.0, -296.0, -296.0, -500.0, -500.0, -500.0, -215.0, -215.0, -234.0, -234.0, -199.0, -168.0, -198.0, -198.0, -232.0, -232.0, -156.0, -156.0, -244.0, -244.0, -244.0, -242.0, -242.0, -246.0, -246.0, -200.0, -200.0, -149.0], "max_rewards": [-500.0, -500.0, -500.0, -355.0, -355.0, -355.0, -330.0, -297.0, -297.0, -232.0, -232.0, -221.0, -183.0, -180.0, -161.0, -135.0, -135.0, -131.0, -130.0, -111.0, -106.0, -106.0, -103.0, -102.0, -101.0, -99.0, -89.0, -89.0, -88.0, -88.0, -88.0, -86.0, -86.0, -79.0, -79.0, -79.0, -81.0, -84.0, -82.0, -82.0, -77.0, -77.0, -78.0, -78.0, -76.0, -76.0, -78.0, -78.0, -70.0, -69.0, -69.0, -64.0, -64.0, -74.0, -75.0, -74.0, -68.0, -64.0, -64.0, -64.0, -63.0, -63.0, -63.0, -66.0, -62.0, -62.0, -62.0, -62.0, -62.0, -63.0, -63.0, -62.0, -62.0, -63.0, -62.0, -62.0, -62.0, -67.0, -62.0, -62.0, -62.0, -62.0, -64.0, -61.0, -61.0, -61.0, -62.0, -62.0, -62.0, -62.0, -62.0, -61.0, -61.0, -63.0, -62.0, -62.0, -62.0, -61.0, -61.0, -62.0, -62.0, -61.0, -61.0, -61.0, -62.0, -63.0, -62.0, -62.0, -62.0, -63.0], "mean_rewards": [-500.0, -500.0, -500.0, -491.59375, -493.275, -494.3958333333333, -491.875, -486.890625, -486.7916666666667, -475.2168674698795, -474.54347826086956, -445.61, -419.38, -390.67, -350.69, -312.43, -274.91, -245.84, -223.77, -208.13, -196.23, -177.94, -171.42, -161.79, -153.95, -145.04, -139.74, -137.22, -134.15, -134.1, -126.89, -128.27, -124.27, -119.06, -116.16, -114.69, -112.5, -113.59, -111.37, -114.79, -110.27, -110.61, -108.37, -114.86, -111.77, -111.89, -107.91, -103.02, -102.9, -101.79, -103.12, -97.95, -100.57, -104.8, -108.39, -105.94, -102.85, -101.27, -98.07, -96.32, -97.14, -99.71, -102.09, -99.31, -97.04, -94.89, -96.83, -97.46, -91.65, -93.79, -93.72, -95.45, -95.87, -94.98, -92.48, -87.86, -91.84, -93.16, -90.1, -91.03, -88.93, -87.77, -91.62, -96.34, -93.84, -94.83, -101.05, -97.81, -93.01, -90.34, -91.24, -93.03, -91.55, -90.42, -91.31, -91.69, -91.16, -92.78, -89.94, -87.87, -91.57, -91.88, -93.12, -93.7, -95.17, -94.82, -91.7, -91.17, -90.21, -89.14], "median_rewards": [-500.0, -500.0, -500.0, -500.0, -500.0, -500.0, -500.0, -500.0, -500.0, -500.0, -500.0, -500.0, -494.5, -444.0, -323.0, -281.0, -250.5, -231.5, -219.5, -201.5, -185.0, -171.5, -163.5, -154.0, -147.0, -134.5, -132.0, -132.0, -127.0, -122.0, -115.5, -116.5, -115.5, -114.0, -108.5, -106.5, -105.5, -109.5, -108.5, -109.5, -104.5, -104.0, -102.5, -105.5, -104.0, -104.0, -100.0, -99.0, -98.0, -98.0, -98.0, -94.0, -93.0, -96.5, -97.0, -95.5, -96.5, -94.0, -93.0, -92.5, -92.0, -90.5, -89.0, -89.5, -90.0, -91.0, -92.0, -91.0, -88.5, -89.0, -90.0, -89.5, -89.0, -90.0, -88.0, -85.0, -84.0, -86.0, -87.5, -88.0, -84.5, -84.0, -84.5, -87.0, -87.0, -84.5, -85.0, -86.0, -85.0, -86.5, -89.5, -90.5, -89.0, -88.5, -87.0, -86.0, -86.0, -88.0, -88.0, -85.5, -87.0, -88.0, -88.0, -87.0, -87.0, -90.0, -88.0, -88.0, -87.0, -86.5], "nr_episodes": [8192, 12288, 16384, 20480, 24576, 28672, 32768, 36864, 40960, 45056, 49152, 53248, 57344, 61440, 65536, 69632, 73728, 77824, 81920, 86016, 90112, 94208, 98304, 102400, 106496, 110592, 114688, 118784, 122880, 126976, 131072, 135168, 139264, 143360, 147456, 151552, 155648, 159744, 163840, 167936, 172032, 176128, 180224, 184320, 188416, 192512, 196608, 200704, 204800, 208896, 212992, 217088, 221184, 225280, 229376, 233472, 237568, 241664, 245760, 249856, 253952, 258048, 262144, 266240, 270336, 274432, 278528, 282624, 286720, 290816, 294912, 299008, 303104, 307200, 311296, 315392, 319488, 323584, 327680, 331776, 335872, 339968, 344064, 348160, 352256, 356352, 360448, 364544, 368640, 372736, 376832, 380928, 385024, 389120, 393216, 397312, 401408, 405504, 409600, 413696, 417792, 421888, 425984, 430080, 434176, 438272, 442368, 446464, 450560, 454656], "times": [1.2231342792510986, 1.0807740688323975, 1.064225435256958, 1.0692665576934814, 1.0867149829864502, 1.076629638671875, 1.1314611434936523, 1.117680549621582, 1.0906293392181396, 1.1113324165344238, 1.1037507057189941, 1.0751700401306152, 1.0854945182800293, 1.0768344402313232, 1.0958847999572754, 1.0733349323272705, 1.076204776763916, 1.0553739070892334, 1.0780646800994873, 1.1026427745819092, 1.0816566944122314, 1.0728909969329834, 1.0747039318084717, 1.077561855316162, 1.0814807415008545, 1.0769860744476318, 1.0825598239898682, 1.1191389560699463, 1.1041576862335205, 1.0906047821044922, 1.0876133441925049, 1.0843119621276855, 1.0655913352966309, 1.067439317703247, 1.0736613273620605, 1.0741326808929443, 1.0816595554351807, 1.0835726261138916, 1.0891988277435303, 1.0922672748565674, 1.0912046432495117, 1.0838654041290283, 1.0581960678100586, 1.0727412700653076, 1.0849344730377197, 1.089026689529419, 1.0885584354400635, 1.0721099376678467, 1.0807759761810303, 1.083240032196045, 1.087007761001587, 1.087709903717041, 1.077148199081421, 1.1256849765777588, 1.108802080154419, 1.0850260257720947, 1.1435041427612305, 1.1339454650878906, 1.0799317359924316, 1.0812852382659912, 1.0963268280029297, 1.087705373764038, 1.0878961086273193, 1.0751993656158447, 1.0860214233398438, 1.0785548686981201, 1.1055216789245605, 1.082831621170044, 1.0795753002166748, 1.0819816589355469, 1.08469820022583, 1.0856971740722656, 1.0813477039337158, 1.071669578552246, 1.0741877555847168, 1.079460859298706, 1.0855967998504639, 1.084104061126709, 1.0799975395202637, 1.0869393348693848, 1.0837733745574951, 1.0802526473999023, 1.076735019683838, 1.0736749172210693, 1.0711708068847656, 1.0702295303344727, 1.0793538093566895, 1.0594673156738281, 1.0938200950622559, 1.0809803009033203, 1.096938133239746, 1.0893895626068115, 1.0615246295928955, 1.0903747081756592, 1.1282334327697754, 1.090857982635498, 1.084407091140747, 1.0746057033538818, 1.0916311740875244, 1.071486473083496, 1.0844030380249023, 1.085777997970581, 1.0816309452056885, 1.0656249523162842, 1.0689728260040283, 1.0964174270629883, 1.0876011848449707, 1.0814077854156494, 1.0740950107574463, 1.0768013000488281], "num_total_steps": [8192, 12288, 16384, 20480, 24576, 28672, 32768, 36864, 40960, 45056, 49152, 53248, 57344, 61440, 65536, 69632, 73728, 77824, 81920, 86016, 90112, 94208, 98304, 102400, 106496, 110592, 114688, 118784, 122880, 126976, 131072, 135168, 139264, 143360, 147456, 151552, 155648, 159744, 163840, 167936, 172032, 176128, 180224, 184320, 188416, 192512, 196608, 200704, 204800, 208896, 212992, 217088, 221184, 225280, 229376, 233472, 237568, 241664, 245760, 249856, 253952, 258048, 262144, 266240, 270336, 274432, 278528, 282624, 286720, 290816, 294912, 299008, 303104, 307200, 311296, 315392, 319488, 323584, 327680, 331776, 335872, 339968, 344064, 348160, 352256, 356352, 360448, 364544, 368640, 372736, 376832, 380928, 385024, 389120, 393216, 397312, 401408, 405504, 409600, 413696, 417792, 421888, 425984, 430080, 434176, 438272, 442368, 446464, 450560, 454656]}