{"min_rewards": [-500.0, -500.0, -500.0, -500.0, -500.0, -500.0, -500.0, -500.0, -500.0, -500.0, -500.0, -500.0, -500.0, -500.0, -500.0, -500.0, -500.0, -500.0, -373.0, -373.0], "max_rewards": [-500.0, -500.0, -500.0, -355.0, -355.0, -355.0, -330.0, -297.0, -297.0, -232.0, -232.0, -221.0, -183.0, -180.0, -161.0, -135.0, -135.0, -131.0, -130.0, -111.0], "mean_rewards": [-500.0, -500.0, -500.0, -491.59375, -493.275, -494.3958333333333, -491.875, -486.890625, -486.7916666666667, -475.2168674698795, -474.54347826086956, -445.61, -419.38, -390.67, -350.69, -312.43, -274.91, -245.84, -223.77, -208.13], "median_rewards": [-500.0, -500.0, -500.0, -500.0, -500.0, -500.0, -500.0, -500.0, -500.0, -500.0, -500.0, -500.0, -494.5, -444.0, -323.0, -281.0, -250.5, -231.5, -219.5, -201.5], "nr_episodes": [8192, 12288, 16384, 20480, 24576, 28672, 32768, 36864, 40960, 45056, 49152, 53248, 57344, 61440, 65536, 69632, 73728, 77824, 81920, 86016], "times": [1.2231342792510986, 1.0807740688323975, 1.064225435256958, 1.0692665576934814, 1.0867149829864502, 1.076629638671875, 1.1314611434936523, 1.117680549621582, 1.0906293392181396, 1.1113324165344238, 1.1037507057189941, 1.0751700401306152, 1.0854945182800293, 1.0768344402313232, 1.0958847999572754, 1.0733349323272705, 1.076204776763916, 1.0553739070892334, 1.0780646800994873, 1.1026427745819092], "num_total_steps": [8192, 12288, 16384, 20480, 24576, 28672, 32768, 36864, 40960, 45056, 49152, 53248, 57344, 61440, 65536, 69632, 73728, 77824, 81920, 86016]}