{"min_rewards": [-500.0, -500.0, -500.0, -500.0, -500.0, -500.0, -500.0, -500.0, -500.0, -500.0, -500.0, -500.0, -500.0, -500.0, -500.0, -500.0, -500.0, -500.0, -373.0, -373.0, -471.0, -471.0, -471.0, -471.0, -470.0, -320.0, -320.0, -389.0, -389.0, -447.0, -447.0, -447.0, -394.0, -292.0, -292.0, -232.0, -232.0, -232.0, -223.0, -271.0], "max_rewards": [-500.0, -500.0, -500.0, -355.0, -355.0, -355.0, -330.0, -297.0, -297.0, -232.0, -232.0, -221.0, -183.0, -180.0, -161.0, -135.0, -135.0, -131.0, -130.0, -111.0, -106.0, -106.0, -103.0, -102.0, -101.0, -99.0, -89.0, -89.0, -88.0, -88.0, -88.0, -86.0, -86.0, -79.0, -79.0, -79.0, -81.0, -84.0, -82.0, -82.0], "mean_rewards": [-500.0, -500.0, -500.0, -491.59375, -493.275, -494.3958333333333, -491.875, -486.890625, -486.7916666666667, -475.2168674698795, -474.54347826086956, -445.61, -419.38, -390.67, -350.69, -312.43, -274.91, -245.84, -223.77, -208.13, -196.23, -177.94, -171.42, -161.79, -153.95, -145.04, -139.74, -137.22, -134.15, -134.1, -126.89, -128.27, -124.27, -119.06, -116.16, -114.69, -112.5, -113.59, -111.37, -114.79], "median_rewards": [-500.0, -500.0, -500.0, -500.0, -500.0, -500.0, -500.0, -500.0, -500.0, -500.0, -500.0, -500.0, -494.5, -444.0, -323.0, -281.0, -250.5, -231.5, -219.5, -201.5, -185.0, -171.5, -163.5, -154.0, -147.0, -134.5, -132.0, -132.0, -127.0, -122.0, -115.5, -116.5, -115.5, -114.0, -108.5, -106.5, -105.5, -109.5, -108.5, -109.5], "nr_episodes": [8192, 12288, 16384, 20480, 24576, 28672, 32768, 36864, 40960, 45056, 49152, 53248, 57344, 61440, 65536, 69632, 73728, 77824, 81920, 86016, 90112, 94208, 98304, 102400, 106496, 110592, 114688, 118784, 122880, 126976, 131072, 135168, 139264, 143360, 147456, 151552, 155648, 159744, 163840, 167936], "times": [1.2231342792510986, 1.0807740688323975, 1.064225435256958, 1.0692665576934814, 1.0867149829864502, 1.076629638671875, 1.1314611434936523, 1.117680549621582, 1.0906293392181396, 1.1113324165344238, 1.1037507057189941, 1.0751700401306152, 1.0854945182800293, 1.0768344402313232, 1.0958847999572754, 1.0733349323272705, 1.076204776763916, 1.0553739070892334, 1.0780646800994873, 1.1026427745819092, 1.0816566944122314, 1.0728909969329834, 1.0747039318084717, 1.077561855316162, 1.0814807415008545, 1.0769860744476318, 1.0825598239898682, 1.1191389560699463, 1.1041576862335205, 1.0906047821044922, 1.0876133441925049, 1.0843119621276855, 1.0655913352966309, 1.067439317703247, 1.0736613273620605, 1.0741326808929443, 1.0816595554351807, 1.0835726261138916, 1.0891988277435303, 1.0922672748565674], "num_total_steps": [8192, 12288, 16384, 20480, 24576, 28672, 32768, 36864, 40960, 45056, 49152, 53248, 57344, 61440, 65536, 69632, 73728, 77824, 81920, 86016, 90112, 94208, 98304, 102400, 106496, 110592, 114688, 118784, 122880, 126976, 131072, 135168, 139264, 143360, 147456, 151552, 155648, 159744, 163840, 167936]}