{"min_rewards": [-1725.924864, -1761.044691, -1781.486645, -1820.825785, -1820.825785, -1820.825785, -1820.825785, -1820.825785, -1810.026574, -1827.218245, -1827.218245, -1827.218245, -1827.218245, -1827.218245, -1798.583157, -1798.583157, -1774.392515, -1774.392515, -1774.392515, -1774.392515, -1766.678353, -1768.935343, -1768.935343, -1782.950231, -1782.950231, -1782.950231, -1782.950231, -1782.950231, -1733.774201, -1733.774201, -1733.774201, -1719.529137, -1719.529137, -1770.237218, -1770.237218, -1770.237218, -1770.237218, -1770.237218, -1746.237162, -1746.237162, -1776.752036, -1776.752036, -1776.752036, -1776.752036, -1753.013653, -1753.013653, -1715.640307, -1712.90497, -1776.343316, -1776.343316, -1776.343316, -1776.41252, -1776.41252, -1776.41252, -1776.41252, -1776.41252, -1772.244466, -1781.974165, -1826.284713, -1826.284713, -1826.284713, -1826.284713, -1826.284713, -1758.759151, -1758.759151, -1758.759151, -1744.220726, -1730.684826, -1703.92571, -1703.92571, -1703.92571, -1713.426263, -1713.426263, -1713.426263, -1713.426263, -1713.426263, -1779.957211, -1790.739171, -1790.739171, -1790.739171, -1790.739171, -1790.739171, -1661.058546, -1793.807112, -1793.807112, -1793.807112, -1793.807112, -1793.807112, -1722.849586, -1722.849586, -1722.849586, -1753.174761, -1753.174761, -1753.174761, -1753.174761, -1753.174761, -1793.774868, -1793.774868, -1793.774868, -1793.774868, -1793.774868, -1690.891416, -1690.891416, -1742.625253, -1742.625253, -1742.625253, -1742.625253, -1800.806381, -1800.806381, -1800.806381, -1800.806381, -1800.806381, -1809.918995, -1809.918995, -1809.918995, -1809.918995, -1813.962478, -1813.962478, -1813.962478, -1813.962478, -1813.962478, -1778.419196, -1778.419196, -1778.419196, -1795.422636, -1795.422636, -1795.422636, -1795.422636, -1745.258633, -1745.258633, -1745.258633, -1745.258633, -1789.529816, -1789.529816, -1789.529816, -1789.529816, -1789.529816, -1851.115664, -1860.90181, -1860.90181, -1860.90181, -1860.90181, -1860.90181, -1801.852487, -1801.852487, -1801.852487, -1801.852487, -1760.358269, -1760.358269, -1760.358269, -1830.943524, -1830.943524, -1830.943524, -1830.943524, -1830.943524, -1801.887663, -1801.887663, -1801.887663, -1720.129261, -1720.129261], "max_rewards": [-791.921703, -791.921703, -791.921703, -791.921703, -791.921703, -838.842101, -838.842101, -838.842101, -882.89584, -726.915814, -726.915814, -726.915814, -726.915814, -726.915814, -736.599987, -864.026057, -864.026057, -864.026057, -825.830486, -772.677145, -772.677145, -772.677145, -772.677145, -772.677145, -803.65891, -803.65891, -767.045315, -753.672328, -753.672328, -753.672328, -753.672328, -753.672328, -773.882534, -773.882534, -773.882534, -773.882534, -773.882534, -872.589163, -872.589163, -749.3925, -749.3925, -749.3925, -749.3925, -749.3925, -745.465389, -745.465389, -745.465389, -745.465389, -745.465389, -883.51664, -883.51664, -872.273595, -872.273595, -825.435725, -825.435725, -825.435725, -825.435725, -871.576203, -871.576203, -888.703878, -888.703878, -894.400176, -894.400176, -894.108427, -780.602101, -780.602101, -780.602101, -780.602101, -780.602101, -754.363013, -754.363013, -754.363013, -754.363013, -754.363013, -829.483202, -829.483202, -829.483202, -982.498087, -1020.624617, -999.567233, -999.567233, -976.551075, -976.551075, -864.558899, -864.558899, -864.558899, -864.558899, -864.558899, -864.558899, -766.004418, -766.004418, -766.004418, -766.004418, -766.004418, -793.180349, -793.180349, -774.605776, -774.605776, -774.605776, -774.605776, -895.604645, -903.812114, -918.248315, -918.248315, -905.673883, -905.673883, -905.673883, -903.801247, -903.801247, -903.801247, -903.801247, -903.801247, -997.824151, -997.824151, -1005.262991, -908.9733, -908.9733, -908.9733, -908.9733, -908.9733, -910.762173, -910.762173, -910.762173, -910.762173, -980.456484, -998.066736, -910.91769, -910.91769, -910.91769, -910.91769, -910.91769, -1006.124077, -900.038757, -900.038757, -900.038757, -900.038757, -900.038757, -969.515341, -969.515341, -969.515341, -970.018831, -915.74328, -915.74328, -915.74328, -915.74328, -915.74328, -923.994441, -853.670743, -853.670743, -853.670743, -853.670743, -853.670743, -858.888036, -858.888036, -858.888036, -858.888036, -902.055158, -913.34044, -913.34044, -881.807163], "mean_rewards": [-1256.8596538125003, -1311.542678125, -1347.2998790714284, -1346.62140005, -1358.5494179479167, -1391.59960474, -1409.5879778700003, -1391.6334641600004, -1372.2648989200002, -1361.9243307899999, -1301.80874776, -1281.9397777999998, -1240.3460538200002, -1234.6981714099998, -1192.0793360599998, -1181.9176975, -1179.85824833, -1185.11707553, -1177.20956005, -1185.28681385, -1179.07232913, -1182.22458897, -1180.29632907, -1202.82798699, -1198.06217492, -1192.44769414, -1185.15411551, -1177.0652625799999, -1166.41632788, -1168.09264209, -1172.96610239, -1181.71097183, -1188.19166271, -1181.93359234, -1170.11502064, -1187.8579037800002, -1175.4992212099999, -1169.8273636000001, -1173.05459059, -1178.05545759, -1187.3675274599998, -1182.25342633, -1182.6959753200003, -1180.08709998, -1159.7328013699998, -1171.0857316899999, -1171.3978877599998, -1165.7298678500001, -1165.74180421, -1168.67111995, -1163.36124168, -1169.56074934, -1160.91254568, -1179.35117026, -1191.6276755600002, -1186.4394865399997, -1188.4651436600002, -1222.7305000599997, -1215.0952530099999, -1213.5695814299997, -1206.33258912, -1218.6537508400002, -1202.8907651099998, -1195.5951022100003, -1185.6455236, -1187.40731412, -1153.1555626499999, -1147.64795649, -1150.4108747100001, -1166.20639679, -1164.69816941, -1166.0074889600003, -1168.14570301, -1170.52187755, -1186.28872572, -1193.2946133199998, -1223.0015789699999, -1241.7150627299998, -1240.9747380600002, -1241.2127760899998, -1225.5882409199999, -1220.9602664, -1204.65717006, -1186.6322820100002, -1188.63770694, -1192.41168669, -1180.4668607699998, -1166.4841529700002, -1184.45948403, -1180.79697831, -1168.75069925, -1160.2873552800002, -1156.94630802, -1150.0302465, -1169.91677775, -1173.4858177400001, -1173.96995647, -1177.95365074, -1172.14279441, -1180.2122647099998, -1181.11628645, -1177.4208469799999, -1180.90283042, -1159.90876879, -1160.7311867600001, -1153.7500395099999, -1168.1816619699998, -1184.24047122, -1199.16198618, -1206.8277053900001, -1198.7164508300002, -1198.42574694, -1199.0363060099999, -1191.66392601, -1183.41716645, -1177.01834597, -1177.0511480900002, -1156.52410134, -1159.43440422, -1175.0222059500002, -1184.3956743400001, -1199.09038106, -1218.08702977, -1220.64583124, -1225.5434791, -1224.81514551, -1214.88181341, -1217.1523806799999, -1218.87700102, -1221.5492595699998, -1218.9203987, -1211.0631598500001, -1207.1736528699998, -1186.1508493600002, -1179.38783108, -1188.23610845, -1199.77710582, -1202.8749938699998, -1213.13787295, -1210.8370552, -1195.4360445799998, -1181.50042472, -1183.86245105, -1167.3367362, -1155.98349548, -1160.1924259, -1155.2908786599999, -1129.98491473, -1123.0277204000004, -1122.8267928399998, -1128.35183704, -1123.3470619299999, -1132.1853175, -1142.83121292, -1156.3528126800002, -1162.8366330899999, -1163.41091906, -1165.37273235, -1158.53431141, -1156.3882474800002],