{"min_rewards": [-1725.924864, -1761.044691, -1781.486645, -1820.825785, -1820.825785, -1820.825785, -1820.825785, -1820.825785, -1810.026574, -1827.218245], "max_rewards": [-791.921703, -791.921703, -791.921703, -791.921703, -791.921703, -838.842101, -838.842101, -838.842101, -882.89584, -726.915814], "mean_rewards": [-1256.8596538125003, -1311.542678125, -1347.2998790714284, -1346.62140005, -1358.5494179479167, -1391.59960474, -1409.5879778700003, -1391.6334641600004, -1372.2648989200002, -1361.9243307899999], "median_rewards": [-1244.7481385, -1331.8622195, -1344.9012935, -1344.9012935, -1353.388543, -1369.8821765, -1428.3368865, -1437.6407505, -1407.026799, -1379.6289495], "nr_episodes": [8192, 12288, 16384, 20480, 24576, 28672, 32768, 36864, 40960, 45056], "times": [1.1220614910125732, 0.9843673706054688, 0.9982540607452393, 0.9990694522857666, 1.0123443603515625, 1.0036122798919678, 1.0005223751068115, 1.0161306858062744, 1.0005640983581543, 0.9894330501556396], "num_total_steps": [8192, 12288, 16384, 20480, 24576, 28672, 32768, 36864, 40960, 45056]}