{"min_rewards": [-1725.924864, -1761.044691, -1781.486645, -1820.825785, -1820.825785, -1820.825785, -1820.825785, -1820.825785, -1810.026574, -1827.218245, -1827.218245, -1827.218245, -1827.218245, -1827.218245, -1798.583157, -1798.583157, -1774.392515, -1774.392515, -1774.392515, -1774.392515], "max_rewards": [-791.921703, -791.921703, -791.921703, -791.921703, -791.921703, -838.842101, -838.842101, -838.842101, -882.89584, -726.915814, -726.915814, -726.915814, -726.915814, -726.915814, -736.599987, -864.026057, -864.026057, -864.026057, -825.830486, -772.677145], "mean_rewards": [-1256.8596538125003, -1311.542678125, -1347.2998790714284, -1346.62140005, -1358.5494179479167, -1391.59960474, -1409.5879778700003, -1391.6334641600004, -1372.2648989200002, -1361.9243307899999, -1301.80874776, -1281.9397777999998, -1240.3460538200002, -1234.6981714099998, -1192.0793360599998, -1181.9176975, -1179.85824833, -1185.11707553, -1177.20956005, -1185.28681385], "median_rewards": [-1244.7481385, -1331.8622195, -1344.9012935, -1344.9012935, -1353.388543, -1369.8821765, -1428.3368865, -1437.6407505, -1407.026799, -1379.6289495, -1219.189638, -1200.0463515000001, -1177.0635925000001, -1174.302293, -1134.1346414999998, -1119.4202070000001, -1110.087514, -1110.087514, -1110.087514, -1115.75404], "nr_episodes": [8192, 12288, 16384, 20480, 24576, 28672, 32768, 36864, 40960, 45056, 49152, 53248, 57344, 61440, 65536, 69632, 73728, 77824, 81920, 86016], "times": [1.1220614910125732, 0.9843673706054688, 0.9982540607452393, 0.9990694522857666, 1.0123443603515625, 1.0036122798919678, 1.0005223751068115, 1.0161306858062744, 1.0005640983581543, 0.9894330501556396, 1.0153534412384033, 1.0009174346923828, 1.0155205726623535, 1.0191645622253418, 1.003814458847046, 1.005211591720581, 1.0224668979644775, 1.0102465152740479, 1.0016868114471436, 1.0047852993011475], "num_total_steps": [8192, 12288, 16384, 20480, 24576, 28672, 32768, 36864, 40960, 45056, 49152, 53248, 57344, 61440, 65536, 69632, 73728, 77824, 81920, 86016]}