{"min_rewards": [-1725.924864, -1761.044691, -1781.486645, -1820.825785, -1820.825785, -1820.825785, -1820.825785, -1820.825785, -1810.026574, -1827.218245, -1827.218245, -1827.218245, -1827.218245, -1827.218245, -1798.583157, -1798.583157, -1774.392515, -1774.392515, -1774.392515, -1774.392515, -1766.678353, -1768.935343, -1768.935343, -1782.950231, -1782.950231, -1782.950231, -1782.950231, -1782.950231, -1733.774201, -1733.774201, -1733.774201, -1719.529137, -1719.529137, -1770.237218, -1770.237218, -1770.237218, -1770.237218, -1770.237218, -1746.237162, -1746.237162, -1776.752036, -1776.752036, -1776.752036, -1776.752036, -1753.013653, -1753.013653, -1715.640307, -1712.90497, -1776.343316, -1776.343316, -1776.343316, -1776.41252, -1776.41252, -1776.41252, -1776.41252, -1776.41252, -1772.244466, -1781.974165, -1826.284713, -1826.284713], "max_rewards": [-791.921703, -791.921703, -791.921703, -791.921703, -791.921703, -838.842101, -838.842101, -838.842101, -882.89584, -726.915814, -726.915814, -726.915814, -726.915814, -726.915814, -736.599987, -864.026057, -864.026057, -864.026057, -825.830486, -772.677145, -772.677145, -772.677145, -772.677145, -772.677145, -803.65891, -803.65891, -767.045315, -753.672328, -753.672328, -753.672328, -753.672328, -753.672328, -773.882534, -773.882534, -773.882534, -773.882534, -773.882534, -872.589163, -872.589163, -749.3925, -749.3925, -749.3925, -749.3925, -749.3925, -745.465389, -745.465389, -745.465389, -745.465389, -745.465389, -883.51664, -883.51664, -872.273595, -872.273595, -825.435725, -825.435725, -825.435725, -825.435725, -871.576203, -871.576203, -888.703878], "mean_rewards": [-1256.8596538125003, -1311.542678125, -1347.2998790714284, -1346.62140005, -1358.5494179479167, -1391.59960474, -1409.5879778700003, -1391.6334641600004, -1372.2648989200002, -1361.9243307899999, -1301.80874776, -1281.9397777999998, -1240.3460538200002, -1234.6981714099998, -1192.0793360599998, -1181.9176975, -1179.85824833, -1185.11707553, -1177.20956005, -1185.28681385, -1179.07232913, -1182.22458897, -1180.29632907, -1202.82798699, -1198.06217492, -1192.44769414, -1185.15411551, -1177.0652625799999, -1166.41632788, -1168.09264209, -1172.96610239, -1181.71097183, -1188.19166271, -1181.93359234, -1170.11502064, -1187.8579037800002, -1175.4992212099999, -1169.8273636000001, -1173.05459059, -1178.05545759, -1187.3675274599998, -1182.25342633, -1182.6959753200003, -1180.08709998, -1159.7328013699998, -1171.0857316899999, -1171.3978877599998, -1165.7298678500001, -1165.74180421, -1168.67111995, -1163.36124168, -1169.56074934, -1160.91254568, -1179.35117026, -1191.6276755600002, -1186.4394865399997, -1188.4651436600002, -1222.7305000599997, -1215.0952530099999, -1213.5695814299997], "median_rewards": [-1244.7481385, -1331.8622195, -1344.9012935, -1344.9012935, -1353.388543, -1369.8821765, -1428.3368865, -1437.6407505, -1407.026799, -1379.6289495, -1219.189638, -1200.0463515000001, -1177.0635925000001, -1174.302293, -1134.1346414999998, -1119.4202070000001, -1110.087514, -1110.087514, -1110.087514, -1115.75404, -1120.0112920000001, -1113.613181, -1124.4565819999998, -1136.218515, -1136.218515, -1138.7217565, -1133.3135515, -1128.7447860000002, -1120.7018445, -1123.103763, -1114.0436945000001, -1122.4295675, -1128.9038105, -1108.514205, -1102.1251309999998, -1105.776586, -1104.462302, -1104.462302, -1104.824453, -1117.647668, -1136.3118145, -1121.6264575, -1111.3655865, -1111.3655865, -1099.744703, -1093.584804, -1092.391174, -1091.1797185, -1100.6586459999999, -1108.9604665, -1108.9604665, -1112.1548765, -1107.29467, -1117.5232675000002, -1140.8360189999999, -1121.679509, -1133.1488755, -1162.536815, -1159.0283755, -1159.64975], "nr_episodes": [8192, 12288, 16384, 20480, 24576, 28672, 32768, 36864, 40960, 45056, 49152, 53248, 57344, 61440, 65536, 69632, 73728, 77824, 81920, 86016, 90112, 94208, 98304, 102400, 106496, 110592, 114688, 118784, 122880, 126976, 131072, 135168, 139264, 143360, 147456, 151552, 155648, 159744, 163840, 167936, 172032, 176128, 180224, 184320, 188416, 192512, 196608, 200704, 204800, 208896, 212992, 217088, 221184, 225280, 229376, 233472, 237568, 241664, 245760, 249856], "times": [1.1220614910125732, 0.9843673706054688, 0.9982540607452393, 0.9990694522857666, 1.0123443603515625, 1.0036122798919678, 1.0005223751068115, 1.0161306858062744, 1.0005640983581543, 0.9894330501556396, 1.0153534412384033, 1.0009174346923828, 1.0155205726623535, 1.0191645622253418, 1.003814458847046, 1.005211591720581, 1.0224668979644775, 1.0102465152740479, 1.0016868114471436, 1.0047852993011475, 1.0197927951812744, 1.0030930042266846, 1.0008726119995117, 1.0053789615631104, 1.0022447109222412, 0.9997615814208984, 1.0177464485168457, 1.0084664821624756, 1.013929843902588, 0.9989833831787109, 1.0349938869476318, 1.0141472816467285, 1.0003178119659424, 1.0200450420379639, 1.0175974369049072, 1.0063607692718506, 1.0082201957702637, 1.0092360973358154, 0.9991786479949951, 1.0044550895690918, 1.0155646800994873, 1.0079128742218018, 1.0131654739379883, 0.9853579998016357, 1.0077290534973145, 1.0092828273773193, 1.0036506652832031, 1.0244340896606445, 0.9946186542510986, 0.9963178634643555, 1.0159096717834473, 1.0047600269317627, 1.007629632949829, 1.0163185596466064, 0.997495174407959, 1.0120160579681396, 1.0110201835632324, 0.9997830390930176, 1.0140819549560547, 1.0232362747192383], "num_total_steps": [8192, 12288, 16384, 20480, 24576, 28672, 32768, 36864, 40960, 45056, 49152, 53248, 57344, 61440, 65536, 69632, 73728, 77824, 81920, 86016, 90112, 94208, 98304, 102400, 106496, 110592, 114688, 118784, 122880, 126976, 131072, 135168, 139264, 143360, 147456, 151552, 155648, 159744, 163840, 167936, 172032, 176128, 180224, 184320, 188416, 192512, 196608, 200704, 204800, 208896, 212992, 217088, 221184, 225280, 229376, 233472, 237568, 241664, 245760, 249856]}