{"min_rewards": [-152.0, -254.0, -254.0, -204.0, -170.0, -239.0, -239.0, -191.0, -380.0, -380.0, -215.0, -231.0, -231.0, -207.0, -301.0, -301.0, -301.0, -212.0, -212.0, -147.0, -175.0, -175.0, -292.0, -292.0, -267.0, -267.0, -267.0, -196.0, -500.0, -500.0, -500.0, -206.0, -167.0, -212.0, -212.0, -204.0, -154.0, -126.0, -151.0, -166.0, -228.0, -500.0, -500.0, -500.0, -205.0, -203.0, -203.0, -317.0, -317.0, -191.0, -191.0, -282.0, -282.0, -202.0, -202.0, -237.0, -237.0, -199.0, -149.0, -211.0, -214.0, -214.0, -182.0], "max_rewards": [-70.0, -61.0, -61.0, -61.0, -60.0, -60.0, -60.0, -62.0, -63.0, -59.0, -59.0, -59.0, -60.0, -62.0, -61.0, -61.0, -62.0, -62.0, -62.0, -62.0, -62.0, -60.0, -60.0, -61.0, -61.0, -61.0, -61.0, -63.0, -64.0, -61.0, -61.0, -62.0, -62.0, -61.0, -61.0, -62.0, -61.0, -61.0, -61.0, -61.0, -62.0, -62.0, -62.0, -62.0, -62.0, -61.0, -61.0, -62.0, -60.0, -60.0, -62.0, -62.0, -63.0, -62.0, -61.0, -61.0, -62.0, -60.0, -60.0, -63.0, -62.0, -62.0, -62.0], "mean_rewards": [-89.1219512195122, -93.1566265060241, -91.41, -86.99, -86.34, -89.79, -93.06, -93.13, -95.83, -88.95, -83.17, -84.84, -87.29, -88.16, -89.66, -91.05, -93.41, -88.93, -88.41, -86.43, -88.31, -88.76, -89.49, -90.07, -89.74, -87.06, -90.03, -91.01, -94.92, -90.12, -91.83, -87.76, -86.65, -90.05, -91.44, -89.21, -85.02, -84.77, -86.95, -88.87, -90.69, -93.34, -95.68, -96.67, -89.02, -87.17, -87.78, -87.43, -88.21, -89.51, -91.37, -91.89, -92.4, -91.04, -92.23, -94.26, -95.32, -89.48, -84.58, -89.58, -92.36, -92.45, -88.49], "median_rewards": [-86.0, -86.0, -82.5, -83.0, -82.0, -85.0, -87.5, -88.0, -88.0, -85.0, -81.0, -80.0, -80.5, -81.0, -85.5, -87.0, -86.0, -83.5, -86.0, -86.0, -84.0, -82.5, -86.0, -89.0, -86.0, -81.0, -82.0, -84.5, -85.0, -85.0, -84.5, -84.0, -82.5, -86.0, -86.5, -83.0, -83.0, -84.0, -84.0, -84.0, -87.0, -86.0, -83.0, -84.0, -84.0, -82.0, -81.0, -81.0, -82.0, -82.0, -84.0, -86.0, -86.0, -86.0, -86.0, -83.0, -85.5, -86.0, -83.0, -85.0, -85.0, -84.5, -84.0], "nr_episodes": [8192, 12288, 16384, 20480, 24576, 28672, 32768, 36864, 40960, 45056, 49152, 53248, 57344, 61440, 65536, 69632, 73728, 77824, 81920, 86016, 90112, 94208, 98304, 102400, 106496, 110592, 114688, 118784, 122880, 126976, 131072, 135168, 139264, 143360, 147456, 151552, 155648, 159744, 163840, 167936, 172032, 176128, 180224, 184320, 188416, 192512, 196608, 200704, 204800, 208896, 212992, 217088, 221184, 225280, 229376, 233472, 237568, 241664, 245760, 249856, 253952, 258048, 262144], "times": [1.2710530757904053, 1.1038038730621338, 1.0987093448638916, 1.1077418327331543, 1.107618808746338, 1.1214170455932617, 1.1228234767913818, 1.1179709434509277, 1.1210460662841797, 1.112389326095581, 1.1234431266784668, 1.128718614578247, 1.119771957397461, 1.1312475204467773, 1.1344072818756104, 1.1133606433868408, 1.1163702011108398, 1.1176486015319824, 1.118067979812622, 1.1116268634796143, 1.1105647087097168, 1.1205554008483887, 1.1245198249816895, 1.1317002773284912, 1.1309173107147217, 1.1241228580474854, 1.1436238288879395, 1.1250877380371094, 1.117762804031372, 1.1117591857910156, 1.1192960739135742, 1.1110286712646484, 1.1003005504608154, 1.1320006847381592, 1.1220686435699463, 1.1219263076782227, 1.131251335144043, 1.1262900829315186, 1.1311922073364258, 1.1250700950622559, 1.1317086219787598, 1.1309030055999756, 1.1273987293243408, 1.1166234016418457, 1.1272821426391602, 1.131188154220581, 1.163646936416626, 1.1706163883209229, 1.1182990074157715, 1.1257743835449219, 1.1217334270477295, 1.1229281425476074, 1.126096487045288, 1.12176513671875, 1.0960302352905273, 1.1071276664733887, 1.1098370552062988, 1.1154248714447021, 1.117976188659668, 1.1354405879974365, 1.1145720481872559, 1.107682704925537, 1.119962215423584], "num_total_steps": [8192, 12288, 16384, 20480, 24576, 28672, 32768, 36864, 40960, 45056, 49152, 53248, 57344, 61440, 65536, 69632, 73728, 77824, 81920, 86016, 90112, 94208, 98304, 102400, 106496, 110592, 114688, 118784, 122880, 126976, 131072, 135168, 139264, 143360, 147456, 151552, 155648, 159744, 163840, 167936, 172032, 176128, 180224, 184320, 188416, 192512, 196608, 200704, 204800, 208896, 212992, 217088, 221184, 225280, 229376, 233472, 237568, 241664, 245760, 249856, 253952, 258048, 262144], "prune_ratio": [0.047526041666666664, 438.0], "converged_score": [-82.6, -88.49]}