{"min_rewards": [-1693.337034, -1847.795917, -1847.795917, -1847.795917, -1847.795917, -1847.795917, -1843.104518, -1843.104518, -1843.104518, -1841.080257, -1841.080257, -1841.080257, -1781.642819, -1781.642819, -1796.00121, -1825.445679, -1825.445679, -1825.445679, -1825.445679, -1825.445679, -1813.347538, -1827.838069, -1827.838069, -1827.838069, -1827.838069, -1746.503455, -1746.503455, -1720.580035, -1743.672114, -1743.672114, -1743.672114, -1743.672114, -1743.672114, -1766.608833, -1766.608833, -1766.608833, -1766.608833, -1766.608833, -1765.651525, -1765.651525, -1765.651525, -1765.651525, -1656.265327, -1685.555249, -1685.555249, -1685.555249, -1685.555249, -1685.555249, -1670.732628, -1670.732628, -1670.732628, -1789.012706, -1789.012706, -1789.012706, -1789.012706, -1789.012706, -1789.012706, -1762.0221, -1762.0221, -1762.0221, -1762.0221, -1747.906984, -1747.906984, -1747.906984, -1747.906984, -1742.678408, -1652.968851, -1630.875543, -1630.875543, -1781.147429, -1781.147429, -1781.147429, -1781.147429, -1781.147429, -1761.113989, -1761.113989, -1800.207687, -1800.207687, -1800.207687, -1800.207687, -1796.864769, -1796.864769, -1796.837511, -1796.837511, -1796.837511, -1796.837511, -1796.837511, -1702.466667, -1774.27331, -1774.27331, -1774.27331, -1774.27331, -1774.27331, -1703.128366, -1836.012437, -1836.012437, -1836.012437, -1836.012437, -1836.012437, -1750.431949, -1750.431949, -1691.671922, -1691.671922, -1691.671922, -1691.671922, -1691.671922, -1672.69614, -1703.104946, -1711.439563, -1711.439563], "max_rewards": [-912.273376, -880.447724, -809.437694, -809.437694, -809.437694, -629.696841, -629.696841, -621.131881, -621.131881, -621.131881, -621.131881, -621.131881, -761.858528, -761.858528, -806.424167, -768.784447, -752.234242, -752.234242, -664.654065, -664.654065, -664.654065, -664.654065, -664.654065, -693.613291, -693.613291, -749.449208, -858.088768, -858.088768, -883.346165, -883.346165, -883.346165, -883.346165, -786.350425, -786.350425, -786.350425, -786.350425, -786.350425, -882.789299, -882.789299, -942.358376, -760.810354, -760.810354, -760.810354, -760.810354, -760.810354, -897.148298, -946.429403, -946.429403, -910.638244, -910.638244, -910.638244, -910.638244, -910.638244, -1000.432772, -1000.432772, -914.84877, -914.84877, -914.84877, -914.84877, -914.84877, -978.058881, -978.058881, -1018.834393, -1018.834393, -1008.594956, -1008.594956, -1008.594956, -1008.594956, -1008.594956, -1038.47233, -1021.244524, -1021.244524, -1016.833887, -923.434691, -923.434691, -923.434691, -923.434691, -923.434691, -952.467539, -952.467539, -996.03285, -996.03285, -996.03285, -932.638695, -932.638695, -932.638695, -932.638695, -932.638695, -934.50526, -1009.049194, -922.500825, -917.112139, -917.112139, -917.112139, -917.112139, -917.112139, -1068.039686, -1031.17369, -1024.070426, -1024.070426, -1024.070426, -1024.070426, -1024.070426, -1038.305536, -1043.608399, -1043.608399, -1043.608399, -1043.608399, -1043.466684, -1043.466684], "mean_rewards": [-1229.57690675, -1279.0124594249999, -1320.6797133392859, -1308.14885545, -1318.8836466354167, -1336.1750056900003, -1332.44023907, -1303.33848571, -1289.80948567, -1285.5738437500002, -1230.9717669800002, -1215.14494429, -1192.2418336199999, -1185.4474000199998, -1160.34040696, -1174.0773183899998, -1166.81355616, -1182.09872059, -1173.2869707, -1169.89629203, -1160.3819619600001, -1175.46703695, -1167.1349379199999, -1206.36825615, -1199.7665674000002, -1190.08671849, -1204.10203336, -1193.33377743, -1187.1858267300004, -1197.79271961, -1222.94134302, -1216.2804145399998, -1223.9072542900003, -1208.92878146, -1199.55858211, -1199.95099086, -1193.2553735200004, -1195.1086407100001, -1210.28241443, -1211.89801822, -1203.1341776499999, -1202.22052688, -1190.1710397400002, -1197.84171596, -1182.15204393, -1190.84766594, -1191.6504042000001, -1199.44674826, -1194.6605521, -1199.12393618, -1205.97625351, -1221.2942136299998, -1205.3998958900002, -1210.78495454, -1211.82799103, -1206.7613198600002, -1205.40776108, -1212.25784803, -1212.7075813000001, -1210.16204009, -1221.93232771, -1219.62089424, -1221.8169554699998, -1228.0428558600001, -1225.91938609, -1221.9259204300001, -1222.91111926, -1221.67143871, -1213.13272711, -1228.1526127099999, -1223.85164538, -1214.32787554, -1217.0545684800002, -1222.06778213, -1222.7870419499998, -1215.91035117, -1235.67716978, -1246.9738079, -1251.5869295300001, -1259.3006392199998, -1260.9543443700002, -1259.3234377200001, -1245.0716951200002, -1220.5715477600002, -1216.5802514100003, -1211.68524985, -1205.6723184700002, -1186.9074945200002, -1207.03627917, -1214.28886065, -1206.65507388, -1196.8417553600002, -1195.4032058100001, -1189.6713896300002, -1215.0277782, -1226.47870346, -1238.48555132, -1241.38090599, -1232.97366108, -1221.43618149, -1221.80045705, -1220.7020732800001, -1235.13643013, -1233.6682611699998, -1240.72729222, -1253.55713692, -1254.70127971, -1257.6135731200002, -1264.6419496899998, -1261.3846967399998], "median_rewards": [-1221.3108025, -1275.8965445, -1317.2913405, -1299.849839, -1282.3172555, -1362.508368, -1356.453771, -1256.135797, -1236.4135305, -1234.0612665, -1178.986351, -1142.0069174999999, -1093.6645925, -1090.3173095, -1063.5100635, -1072.1762290000001, -1077.66224, -1071.7792024999999, -1063.5100635, -1072.9878935000002, -1074.257216, -1105.3105645, -1110.017237, -1127.8334775, -1116.3708965, -1112.1311005, -1131.016239, -1139.3682345, -1140.0347995, -1157.1546965, -1183.5564885, -1174.9059995, -1188.077318, -1175.3328225, -1161.0725459999999, -1162.0100575, -1155.791467, -1155.6757435, -1176.8585625, -1181.3813085, -1168.9539814999998, -1181.1586360000001, -1172.875789, -1172.875789, -1158.5584425, -1163.8331315, -1163.8597925, -1167.6815860000002, -1169.86563, -1179.9357385, -1181.2853685, -1189.5568915, -1185.3331010000002, -1183.7842995, -1179.9543735, -1177.294392, -1169.6459395000002, -1167.1204415000002, -1164.8432345, -1168.899978, -1185.1770705, -1187.5333455, -1196.8032805, -1198.168187, -1197.5599634999999, -1197.5599634999999, -1200.6420995, -1196.7746095, -1195.7756909999998, -1197.436602, -1196.6231625, -1189.3797665, -1182.212438, -1186.9996155, -1190.585606, -1185.556149, -1192.8007905, -1192.8007905, -1193.290776, -1193.290776, -1193.6898415, -1193.2938629999999, -1185.9567795, -1178.2521195, -1167.9017315, -1165.5387500000002, -1165.5387500000002, -1152.3537075, -1161.34646, -1176.030418, -1163.481024, -1161.6092684999999, -1160.7631405, -1170.6020965, -1186.4900655000001, -1192.195174, -1202.14239, -1201.0569995, -1197.333586, -1192.000526, -1192.2924819999998, -1191.4897925, -1202.0980375, -1202.4553165, -1212.5684955, -1242.2024354999999, -1242.2024354999999, -1237.9049169999998, -1239.794942, -1237.9049169999998], "nr_episodes": [8192, 12288, 16384, 20480, 24576, 28672, 32768, 36864, 40960, 45056, 49152, 53248, 57344, 61440, 65536, 69632, 73728, 77824, 81920, 86016, 90112, 94208, 98304, 102400, 106496, 110592, 114688, 118784, 122880, 126976, 131072, 135168, 139264, 143360, 147456, 151552, 155648, 159744, 163840, 167936, 172032, 176128, 180224, 184320, 188416, 192512, 196608, 200704, 204800, 208896, 212992, 217088, 221184, 225280, 229376, 233472, 237568, 241664, 245760, 249856, 253952, 258048, 262144, 266240, 270336, 274432, 278528, 282624, 286720, 290816, 294912, 299008, 303104, 307200, 311296, 315392, 319488, 323584, 327680, 331776, 335872, 339968, 344064, 348160, 352256, 356352, 360448, 364544, 368640, 372736, 376832, 380928, 385024, 389120, 393216, 397312, 401408, 405504, 409600, 413696, 417792, 421888, 425984, 430080, 434176, 438272, 442368, 446464, 450560, 454656],