{"min_rewards": [-1693.337034, -1847.795917, -1847.795917, -1847.795917, -1847.795917, -1847.795917, -1843.104518, -1843.104518, -1843.104518, -1841.080257, -1841.080257, -1841.080257, -1781.642819, -1781.642819, -1796.00121, -1825.445679, -1825.445679, -1825.445679, -1825.445679, -1825.445679, -1813.347538, -1827.838069, -1827.838069, -1827.838069, -1827.838069, -1746.503455, -1746.503455, -1720.580035, -1743.672114, -1743.672114], "max_rewards": [-912.273376, -880.447724, -809.437694, -809.437694, -809.437694, -629.696841, -629.696841, -621.131881, -621.131881, -621.131881, -621.131881, -621.131881, -761.858528, -761.858528, -806.424167, -768.784447, -752.234242, -752.234242, -664.654065, -664.654065, -664.654065, -664.654065, -664.654065, -693.613291, -693.613291, -749.449208, -858.088768, -858.088768, -883.346165, -883.346165], "mean_rewards": [-1229.57690675, -1279.0124594249999, -1320.6797133392859, -1308.14885545, -1318.8836466354167, -1336.1750056900003, -1332.44023907, -1303.33848571, -1289.80948567, -1285.5738437500002, -1230.9717669800002, -1215.14494429, -1192.2418336199999, -1185.4474000199998, -1160.34040696, -1174.0773183899998, -1166.81355616, -1182.09872059, -1173.2869707, -1169.89629203, -1160.3819619600001, -1175.46703695, -1167.1349379199999, -1206.36825615, -1199.7665674000002, -1190.08671849, -1204.10203336, -1193.33377743, -1187.1858267300004, -1197.79271961], "median_rewards": [-1221.3108025, -1275.8965445, -1317.2913405, -1299.849839, -1282.3172555, -1362.508368, -1356.453771, -1256.135797, -1236.4135305, -1234.0612665, -1178.986351, -1142.0069174999999, -1093.6645925, -1090.3173095, -1063.5100635, -1072.1762290000001, -1077.66224, -1071.7792024999999, -1063.5100635, -1072.9878935000002, -1074.257216, -1105.3105645, -1110.017237, -1127.8334775, -1116.3708965, -1112.1311005, -1131.016239, -1139.3682345, -1140.0347995, -1157.1546965], "nr_episodes": [8192, 12288, 16384, 20480, 24576, 28672, 32768, 36864, 40960, 45056, 49152, 53248, 57344, 61440, 65536, 69632, 73728, 77824, 81920, 86016, 90112, 94208, 98304, 102400, 106496, 110592, 114688, 118784, 122880, 126976], "times": [1.126774549484253, 0.9991741180419922, 1.0067126750946045, 1.0090174674987793, 1.019334077835083, 1.0100085735321045, 0.9992573261260986, 1.0316007137298584, 1.0422937870025635, 1.0209364891052246, 1.074721097946167, 1.021470069885254, 1.0078787803649902, 1.0320870876312256, 1.023231029510498, 1.0172686576843262, 1.0244977474212646, 1.0298259258270264, 1.0353507995605469, 1.0303678512573242, 1.0199365615844727, 1.0025634765625, 1.0080811977386475, 1.0217931270599365, 1.004368782043457, 1.0027318000793457, 0.99855637550354, 1.008016586303711, 1.0271565914154053, 1.0073935985565186], "num_total_steps": [8192, 12288, 16384, 20480, 24576, 28672, 32768, 36864, 40960, 45056, 49152, 53248, 57344, 61440, 65536, 69632, 73728, 77824, 81920, 86016, 90112, 94208, 98304, 102400, 106496, 110592, 114688, 118784, 122880, 126976]}