{"min_rewards": [-1693.337034, -1847.795917, -1847.795917, -1847.795917, -1847.795917, -1847.795917, -1843.104518, -1843.104518, -1843.104518, -1841.080257, -1841.080257, -1841.080257, -1781.642819, -1781.642819, -1796.00121, -1825.445679, -1825.445679, -1825.445679, -1825.445679, -1825.445679, -1813.347538, -1827.838069, -1827.838069, -1827.838069, -1827.838069, -1746.503455, -1746.503455, -1720.580035, -1743.672114, -1743.672114, -1743.672114, -1743.672114, -1743.672114, -1766.608833, -1766.608833, -1766.608833, -1766.608833, -1766.608833, -1765.651525, -1765.651525, -1765.651525, -1765.651525, -1656.265327, -1685.555249, -1685.555249, -1685.555249, -1685.555249, -1685.555249, -1670.732628, -1670.732628, -1670.732628, -1789.012706, -1789.012706, -1789.012706, -1789.012706, -1789.012706, -1789.012706, -1762.0221, -1762.0221, -1762.0221, -1762.0221, -1747.906984, -1747.906984, -1747.906984, -1747.906984, -1742.678408, -1652.968851, -1630.875543, -1630.875543, -1781.147429], "max_rewards": [-912.273376, -880.447724, -809.437694, -809.437694, -809.437694, -629.696841, -629.696841, -621.131881, -621.131881, -621.131881, -621.131881, -621.131881, -761.858528, -761.858528, -806.424167, -768.784447, -752.234242, -752.234242, -664.654065, -664.654065, -664.654065, -664.654065, -664.654065, -693.613291, -693.613291, -749.449208, -858.088768, -858.088768, -883.346165, -883.346165, -883.346165, -883.346165, -786.350425, -786.350425, -786.350425, -786.350425, -786.350425, -882.789299, -882.789299, -942.358376, -760.810354, -760.810354, -760.810354, -760.810354, -760.810354, -897.148298, -946.429403, -946.429403, -910.638244, -910.638244, -910.638244, -910.638244, -910.638244, -1000.432772, -1000.432772, -914.84877, -914.84877, -914.84877, -914.84877, -914.84877, -978.058881, -978.058881, -1018.834393, -1018.834393, -1008.594956, -1008.594956, -1008.594956, -1008.594956, -1008.594956, -1038.47233], "mean_rewards": [-1229.57690675, -1279.0124594249999, -1320.6797133392859, -1308.14885545, -1318.8836466354167, -1336.1750056900003, -1332.44023907, -1303.33848571, -1289.80948567, -1285.5738437500002, -1230.9717669800002, -1215.14494429, -1192.2418336199999, -1185.4474000199998, -1160.34040696, -1174.0773183899998, -1166.81355616, -1182.09872059, -1173.2869707, -1169.89629203, -1160.3819619600001, -1175.46703695, -1167.1349379199999, -1206.36825615, -1199.7665674000002, -1190.08671849, -1204.10203336, -1193.33377743, -1187.1858267300004, -1197.79271961, -1222.94134302, -1216.2804145399998, -1223.9072542900003, -1208.92878146, -1199.55858211, -1199.95099086, -1193.2553735200004, -1195.1086407100001, -1210.28241443, -1211.89801822, -1203.1341776499999, -1202.22052688, -1190.1710397400002, -1197.84171596, -1182.15204393, -1190.84766594, -1191.6504042000001, -1199.44674826, -1194.6605521, -1199.12393618, -1205.97625351, -1221.2942136299998, -1205.3998958900002, -1210.78495454, -1211.82799103, -1206.7613198600002, -1205.40776108, -1212.25784803, -1212.7075813000001, -1210.16204009, -1221.93232771, -1219.62089424, -1221.8169554699998, -1228.0428558600001, -1225.91938609, -1221.9259204300001, -1222.91111926, -1221.67143871, -1213.13272711, -1228.1526127099999], "median_rewards": [-1221.3108025, -1275.8965445, -1317.2913405, -1299.849839, -1282.3172555, -1362.508368, -1356.453771, -1256.135797, -1236.4135305, -1234.0612665, -1178.986351, -1142.0069174999999, -1093.6645925, -1090.3173095, -1063.5100635, -1072.1762290000001, -1077.66224, -1071.7792024999999, -1063.5100635, -1072.9878935000002, -1074.257216, -1105.3105645, -1110.017237, -1127.8334775, -1116.3708965, -1112.1311005, -1131.016239, -1139.3682345, -1140.0347995, -1157.1546965, -1183.5564885, -1174.9059995, -1188.077318, -1175.3328225, -1161.0725459999999, -1162.0100575, -1155.791467, -1155.6757435, -1176.8585625, -1181.3813085, -1168.9539814999998, -1181.1586360000001, -1172.875789, -1172.875789, -1158.5584425, -1163.8331315, -1163.8597925, -1167.6815860000002, -1169.86563, -1179.9357385, -1181.2853685, -1189.5568915, -1185.3331010000002, -1183.7842995, -1179.9543735, -1177.294392, -1169.6459395000002, -1167.1204415000002, -1164.8432345, -1168.899978, -1185.1770705, -1187.5333455, -1196.8032805, -1198.168187, -1197.5599634999999, -1197.5599634999999, -1200.6420995, -1196.7746095, -1195.7756909999998, -1197.436602], "nr_episodes": [8192, 12288, 16384, 20480, 24576, 28672, 32768, 36864, 40960, 45056, 49152, 53248, 57344, 61440, 65536, 69632, 73728, 77824, 81920, 86016, 90112, 94208, 98304, 102400, 106496, 110592, 114688, 118784, 122880, 126976, 131072, 135168, 139264, 143360, 147456, 151552, 155648, 159744, 163840, 167936, 172032, 176128, 180224, 184320, 188416, 192512, 196608, 200704, 204800, 208896, 212992, 217088, 221184, 225280, 229376, 233472, 237568, 241664, 245760, 249856, 253952, 258048, 262144, 266240, 270336, 274432, 278528, 282624, 286720, 290816], "times": [1.126774549484253, 0.9991741180419922, 1.0067126750946045, 1.0090174674987793, 1.019334077835083, 1.0100085735321045, 0.9992573261260986, 1.0316007137298584, 1.0422937870025635, 1.0209364891052246, 1.074721097946167, 1.021470069885254, 1.0078787803649902, 1.0320870876312256, 1.023231029510498, 1.0172686576843262, 1.0244977474212646, 1.0298259258270264, 1.0353507995605469, 1.0303678512573242, 1.0199365615844727, 1.0025634765625, 1.0080811977386475, 1.0217931270599365, 1.004368782043457, 1.0027318000793457, 0.99855637550354, 1.008016586303711, 1.0271565914154053, 1.0073935985565186, 1.0140891075134277, 1.0132932662963867, 1.0208301544189453, 1.0195708274841309, 1.0027644634246826, 1.0075340270996094, 1.0100195407867432, 0.9998061656951904, 1.0018625259399414, 1.0056939125061035, 1.0313844680786133, 1.00811767578125, 1.010533332824707, 1.0365378856658936, 0.9984471797943115, 0.9994370937347412, 0.9950213432312012, 1.0057601928710938, 1.008148431777954, 1.009887456893921, 1.0231542587280273, 1.001175880432129, 1.0168721675872803, 1.0078203678131104, 0.9964535236358643, 1.0134649276733398, 0.9966156482696533, 1.0067682266235352, 1.0139696598052979, 1.009737491607666, 1.0179862976074219, 1.0117340087890625, 1.0141711235046387, 1.0229394435882568, 1.0148131847381592, 0.9975013732910156, 1.0116493701934814, 1.0183393955230713, 1.0171222686767578, 1.0012257099151611], "num_total_steps": [8192, 12288, 16384, 20480, 24576, 28672, 32768, 36864, 40960, 45056, 49152, 53248, 57344, 61440, 65536, 69632, 73728, 77824, 81920, 86016, 90112, 94208, 98304, 102400, 106496, 110592, 114688, 118784, 122880, 126976, 131072, 135168, 139264, 143360, 147456, 151552, 155648, 159744, 163840, 167936, 172032, 176128, 180224, 184320, 188416, 192512, 196608, 200704, 204800, 208896, 212992, 217088, 221184, 225280, 229376, 233472, 237568, 241664, 245760, 249856, 253952, 258048, 262144, 266240, 270336, 274432, 278528, 282624, 286720, 290816]}