# {"t_start": 1592859482.6109505, "env_id": "CartPole-v0"} 
r,l,t
27.0,27,0.143034
25.0,25,0.181037
