# {"t_start": 1592859482.6247895, "env_id": "CartPole-v0"} 
r,l,t
26.0,26,0.127806
