# {"t_start": 1592859482.6523283, "env_id": "CartPole-v0"} 
r,l,t
26.0,26,0.100267
27.0,27,0.141156
