# {"t_start": 1592859482.6664786, "env_id": "CartPole-v0"} 
r,l,t
29.0,29,0.090512
