# {"t_start": 1592859482.6808321, "env_id": "CartPole-v0"} 
r,l,t
27.0,27,0.073242
