# {"t_start": 1592859482.6960201, "env_id": "CartPole-v0"} 
r,l,t
29.0,29,0.06106
24.0,24,0.097619
