# {"t_start": 1592859482.7115517, "env_id": "CartPole-v0"} 
r,l,t
31.0,31,0.048656
