# {"t_start": 1592861666.5522153, "env_id": "Acrobot-v1"} 
r,l,t
-500.0,500,0.954312
-500.0,500,1.804548
