# {"t_start": 1592861666.566836, "env_id": "Acrobot-v1"} 
r,l,t
-500.0,500,0.939764
-500.0,500,1.789935
