# {"t_start": 1592861666.5806823, "env_id": "Acrobot-v1"} 
r,l,t
-500.0,500,0.925941
-500.0,500,1.776082
