# {"t_start": 1592861666.594596, "env_id": "Acrobot-v1"} 
r,l,t
-500.0,500,0.912026
-500.0,500,1.762215
