# {"t_start": 1592861666.6083899, "env_id": "Acrobot-v1"} 
r,l,t
-500.0,500,0.89821
-500.0,500,1.748382
