# {"t_start": 1592861666.6220965, "env_id": "Acrobot-v1"} 
r,l,t
-500.0,500,0.884549
-500.0,500,1.734725
