# {"t_start": 1592861666.6362982, "env_id": "Acrobot-v1"} 
r,l,t
-500.0,500,0.870345
-500.0,500,1.720515
