# {"t_start": 1592861666.6518295, "env_id": "Acrobot-v1"} 
r,l,t
-500.0,500,0.854865
-500.0,500,1.705047
