# {"t_start": 1592863186.249999, "env_id": "Pendulum-v0"} 
r,l,t
-1512.673111,200,0.426558
-1448.334005,200,0.74978
