# {"t_start": 1592863186.2639496, "env_id": "Pendulum-v0"} 
r,l,t
-1576.438174,200,0.412634
-1560.671045,200,0.735847
