# {"t_start": 1592863186.2778711, "env_id": "Pendulum-v0"} 
r,l,t
-1596.489329,200,0.398681
-1550.582776,200,0.721947
