# {"t_start": 1592863186.2923992, "env_id": "Pendulum-v0"} 
r,l,t
-1563.353305,200,0.384216
-1523.57748,200,0.707424
