# {"t_start": 1592863186.3079011, "env_id": "Pendulum-v0"} 
r,l,t
-1412.814592,200,0.368759
-1539.267297,200,0.691966
