# {"t_start": 1592863186.3219454, "env_id": "Pendulum-v0"} 
r,l,t
-1508.837513,200,0.354725
-1512.714196,200,0.67799
