# {"t_start": 1592863186.33608, "env_id": "Pendulum-v0"} 
r,l,t
-1490.072184,200,0.340639
-1592.802247,200,0.663856
