# {"t_start": 1592863186.3504598, "env_id": "Pendulum-v0"} 
r,l,t
-1522.58808,200,0.326306
-1508.908551,200,0.649542
