{"min_rewards": [-500.0, -500.0, -500.0, -500.0, -500.0, -500.0, -500.0, -500.0, -500.0, -500.0, -500.0, -500.0, -500.0, -500.0, -500.0, -500.0, -500.0, -500.0, -500.0, -500.0, -500.0, -385.0, -385.0, -250.0, -235.0, -232.0, -226.0, -226.0, -232.0, -232.0, -232.0, -220.0, -368.0, -368.0, -368.0, -189.0, -267.0, -267.0, -267.0, -188.0, -188.0, -212.0, -212.0, -173.0, -173.0, -169.0, -166.0, -290.0, -290.0, -290.0, -196.0, -193.0, -229.0, -229.0, -207.0, -296.0, -296.0, -191.0, -223.0, -223.0, -228.0, -228.0, -228.0, -274.0, -274.0, -191.0, -218.0, -290.0, -290.0, -212.0, -224.0, -500.0, -500.0, -307.0, -307.0, -236.0, -293.0, -293.0, -206.0, -196.0, -196.0, -196.0, -197.0, -270.0, -270.0, -189.0, -173.0, -267.0, -267.0, -267.0, -266.0, -204.0, -190.0, -190.0, -186.0, -209.0, -229.0, -229.0, -237.0, -237.0, -237.0, -218.0, -272.0, -272.0, -254.0, -500.0, -500.0, -213.0, -213.0, -242.0, -242.0, -242.0, -172.0, -257.0, -257.0, -207.0, -207.0, -221.0, -233.0, -233.0, -191.0, -191.0, -186.0, -186.0, -189.0, -306.0, -306.0, -500.0, -500.0, -500.0], "max_rewards": [-500.0, -500.0, -496.0, -496.0, -496.0, -496.0, -496.0, -496.0, -402.0, -314.0, -314.0, -314.0, -314.0, -201.0, -201.0, -201.0, -154.0, -154.0, -152.0, -145.0, -118.0, -116.0, -116.0, -100.0, -100.0, -92.0, -92.0, -92.0, -94.0, -94.0, -76.0, -76.0, -76.0, -85.0, -85.0, -86.0, -75.0, -75.0, -78.0, -77.0, -74.0, -62.0, -62.0, -77.0, -76.0, -70.0, -70.0, -70.0, -69.0, -69.0, -69.0, -70.0, -70.0, -74.0, -75.0, -68.0, -68.0, -68.0, -69.0, -69.0, -69.0, -70.0, -71.0, -72.0, -66.0, -66.0, -63.0, -63.0, -72.0, -65.0, -65.0, -65.0, -72.0, -72.0, -72.0, -72.0, -72.0, -67.0, -67.0, -62.0, -62.0, -61.0, -61.0, -61.0, -63.0, -64.0, -62.0, -62.0, -63.0, -63.0, -66.0, -66.0, -61.0, -61.0, -62.0, -63.0, -63.0, -63.0, -69.0, -63.0, -62.0, -62.0, -65.0, -68.0, -64.0, -62.0, -62.0, -62.0, -68.0, -63.0, -63.0, -63.0, -66.0, -62.0, -62.0, -63.0, -63.0, -67.0, -62.0, -62.0, -63.0, -68.0, -63.0, -63.0, -63.0, -65.0, -65.0, -66.0, -61.0, -61.0], "mean_rewards": [-500.0, -500.0, -499.8333333333333, -499.875, -499.9, -499.9166666666667, -499.92857142857144, -499.9375, -498.5833333333333, -496.4, -492.2134831460674, -492.1340206185567, -489.62, -473.83, -467.85, -455.91, -426.66, -386.18, -335.66, -292.23, -246.75, -204.03, -186.14, -166.78, -157.2, -151.42, -145.13, -142.19, -138.07, -138.01, -134.3, -126.82, -124.6, -122.05, -120.13, -115.08, -115.28, -112.69, -113.89, -110.65, -110.91, -108.14, -107.97, -104.32, -104.55, -101.8, -99.84, -101.74, -103.48, -105.02, -102.52, -102.47, -107.3, -104.63, -101.47, -102.8, -101.64, -97.06, -96.55, -97.46, -99.83, -104.14, -102.52, -99.12, -98.66, -100.16, -103.55, -103.46, -103.0, -94.05, -95.95, -101.42, -100.05, -102.16, -103.23, -96.74, -96.43, -98.41, -95.92, -92.4, -92.51, -94.81, -97.59, -101.98, -98.77, -94.67, -93.09, -95.63, -101.27, -101.93, -99.26, -97.02, -94.74, -93.77, -91.79, -91.03, -95.82, -94.47, -93.1, -95.67, -99.53, -94.32, -96.78, -95.98, -93.27, -94.78, -96.64, -95.01, -95.58, -98.69, -99.52, -100.03, -96.1, -94.38, -95.55, -94.57, -93.62, -93.89, -96.4, -100.62, -95.12, -97.34, -96.52, -94.91, -95.98, -98.26, -102.96, -98.7, -95.78, -95.38], "median_rewards": [-500.0, -500.0, -500.0, -500.0, -500.0, -500.0, -500.0, -500.0, -500.0, -500.0, -500.0, -500.0, -500.0, -500.0, -500.0, -500.0, -500.0, -401.5, -322.0, -264.5, -220.0, -203.0, -184.0, -160.5, -152.0, -149.5, -144.0, -141.0, -135.5, -133.5, -128.0, -122.0, -119.0, -115.0, -113.0, -111.5, -110.5, -108.0, -109.5, -108.5, -107.5, -105.0, -104.5, -101.0, -101.0, -98.5, -96.0, -96.0, -96.0, -97.5, -98.5, -98.5, -99.5, -93.5, -92.5, -94.5, -96.0, -91.0, -90.0, -91.0, -94.0, -95.0, -95.5, -93.0, -93.0, -93.0, -95.0, -93.5, -92.0, -87.5, -91.5, -95.0, -92.5, -92.0, -92.5, -88.0, -89.0, -89.0, -91.0, -90.5, -90.0, -92.5, -93.0, -93.0, -93.5, -91.0, -90.5, -90.0, -92.5, -90.0, -90.5, -92.0, -91.5, -90.5, -88.5, -87.5, -88.0, -87.0, -87.0, -88.0, -90.5, -89.5, -90.0, -90.0, -89.0, -88.0, -91.0, -91.0, -91.0, -92.0, -92.5, -94.0, -91.5, -90.0, -92.0, -92.0, -89.5, -89.5, -90.0, -92.0, -91.0, -92.0, -92.0, -91.0, -91.5, -91.5, -92.0, -88.5, -88.0, -88.5], "nr_episodes": [8192, 12288, 16384, 20480, 24576, 28672, 32768, 36864, 40960, 45056, 49152, 53248, 57344, 61440, 65536, 69632, 73728, 77824, 81920, 86016, 90112, 94208, 98304, 102400, 106496, 110592, 114688, 118784, 122880, 126976, 131072, 135168, 139264, 143360, 147456, 151552, 155648, 159744, 163840, 167936, 172032, 176128, 180224, 184320, 188416, 192512, 196608, 200704, 204800, 208896, 212992, 217088, 221184, 225280, 229376, 233472, 237568, 241664, 245760, 249856, 253952, 258048, 262144, 266240, 270336, 274432, 278528, 282624, 286720, 290816, 294912, 299008, 303104, 307200, 311296, 315392, 319488, 323584, 327680, 331776, 335872, 339968, 344064, 348160, 352256, 356352, 360448, 364544, 368640, 372736, 376832, 380928, 385024, 389120, 393216, 397312, 401408, 405504, 409600, 413696, 417792, 421888, 425984, 430080, 434176, 438272, 442368, 446464, 450560, 454656, 458752, 462848, 466944, 471040, 475136, 479232, 483328, 487424, 491520, 495616, 499712, 503808, 507904, 512000, 516096, 520192, 524288, 528384, 532480, 536576], "times": [1.2077162265777588, 1.086815595626831, 1.0734987258911133, 1.076181411743164, 1.059441328048706, 1.0800983905792236, 1.0615994930267334, 1.0766775608062744, 1.0494840145111084, 1.0640947818756104, 1.083578109741211, 1.079763650894165, 1.0747220516204834, 1.0604088306427002, 1.0631153583526611, 1.0666520595550537, 1.0678505897521973, 1.071589708328247, 1.0778374671936035, 1.078385591506958, 1.0719127655029297, 1.0597288608551025, 1.0794811248779297, 1.0536925792694092, 1.0537879467010498, 1.083317756652832, 1.0714213848114014, 1.0714075565338135, 1.0753800868988037, 1.0677728652954102, 1.0827231407165527, 1.0627422332763672, 1.0738160610198975, 1.0815987586975098, 1.0704388618469238, 1.1057710647583008, 1.0995001792907715, 1.0826098918914795, 1.0807485580444336, 1.0724890232086182, 1.0944459438323975, 1.0728864669799805, 1.076430320739746, 1.0773022174835205, 1.079679012298584, 1.0684139728546143, 1.0713355541229248, 1.0819587707519531, 1.0799553394317627, 1.0824809074401855, 1.0913126468658447, 1.0770235061645508, 1.0705182552337646, 1.064000129699707, 1.0711114406585693, 1.0595996379852295, 1.0793044567108154, 1.0782253742218018, 1.0619852542877197, 1.0713329315185547, 1.0875694751739502, 1.0851728916168213, 1.0770347118377686, 1.0777266025543213, 1.0701265335083008, 1.0959885120391846, 1.140167236328125, 1.091099739074707, 1.092254400253296, 1.0683488845825195, 1.0931925773620605, 1.0742104053497314, 1.0742595195770264, 1.0661859512329102, 1.067322015762329, 1.0758321285247803, 1.0725915431976318, 1.0682990550994873, 1.0623414516448975, 1.0960917472839355, 1.0853450298309326, 1.0595881938934326, 1.0802526473999023, 1.0720267295837402, 1.0705485343933105, 1.0769786834716797, 1.0842552185058594, 1.0737097263336182, 1.0760765075683594, 1.0864124298095703, 1.0871827602386475, 1.074697494506836, 1.0660862922668457, 1.0834708213806152, 1.079948902130127, 1.0609092712402344, 1.0900318622589111, 1.0842609405517578, 1.0848147869110107, 1.071601390838623, 1.0684235095977783, 1.0585870742797852, 1.0705718994140625, 1.072106122970581, 1.0577216148376465, 1.0744636058807373, 1.076171875, 1.07659912109375, 1.0882365703582764, 1.0781278610229492, 1.0919890403747559, 1.0601446628570557, 1.0692756175994873, 1.070770263671875, 1.0630481243133545, 1.072061538696289, 1.0789406299591064, 1.0819909572601318, 1.0833401679992676, 1.0637950897216797, 1.0783898830413818, 1.0811119079589844, 1.0520236492156982, 1.0733332633972168, 1.0665714740753174, 1.080014944076538, 1.0799922943115234, 1.0622642040252686, 1.0678951740264893, 1.0879764556884766],