{"min_rewards": [-500.0, -500.0, -500.0, -500.0, -500.0, -500.0, -500.0, -500.0, -500.0, -500.0, -500.0, -500.0, -500.0, -500.0, -500.0, -500.0, -500.0, -500.0, -500.0, -500.0], "max_rewards": [-500.0, -500.0, -496.0, -496.0, -496.0, -496.0, -496.0, -496.0, -402.0, -314.0, -314.0, -314.0, -314.0, -201.0, -201.0, -201.0, -154.0, -154.0, -152.0, -145.0], "mean_rewards": [-500.0, -500.0, -499.8333333333333, -499.875, -499.9, -499.9166666666667, -499.92857142857144, -499.9375, -498.5833333333333, -496.4, -492.2134831460674, -492.1340206185567, -489.62, -473.83, -467.85, -455.91, -426.66, -386.18, -335.66, -292.23], "median_rewards": [-500.0, -500.0, -500.0, -500.0, -500.0, -500.0, -500.0, -500.0, -500.0, -500.0, -500.0, -500.0, -500.0, -500.0, -500.0, -500.0, -500.0, -401.5, -322.0, -264.5], "nr_episodes": [8192, 12288, 16384, 20480, 24576, 28672, 32768, 36864, 40960, 45056, 49152, 53248, 57344, 61440, 65536, 69632, 73728, 77824, 81920, 86016], "times": [1.2077162265777588, 1.086815595626831, 1.0734987258911133, 1.076181411743164, 1.059441328048706, 1.0800983905792236, 1.0615994930267334, 1.0766775608062744, 1.0494840145111084, 1.0640947818756104, 1.083578109741211, 1.079763650894165, 1.0747220516204834, 1.0604088306427002, 1.0631153583526611, 1.0666520595550537, 1.0678505897521973, 1.071589708328247, 1.0778374671936035, 1.078385591506958], "num_total_steps": [8192, 12288, 16384, 20480, 24576, 28672, 32768, 36864, 40960, 45056, 49152, 53248, 57344, 61440, 65536, 69632, 73728, 77824, 81920, 86016]}