{"min_rewards": [-500.0, -500.0, -500.0, -500.0, -500.0, -500.0, -500.0, -500.0, -500.0, -500.0, -500.0, -500.0, -500.0, -500.0, -500.0, -500.0, -500.0, -500.0, -500.0, -500.0, -500.0, -385.0, -385.0, -250.0, -235.0, -232.0, -226.0, -226.0, -232.0, -232.0], "max_rewards": [-500.0, -500.0, -496.0, -496.0, -496.0, -496.0, -496.0, -496.0, -402.0, -314.0, -314.0, -314.0, -314.0, -201.0, -201.0, -201.0, -154.0, -154.0, -152.0, -145.0, -118.0, -116.0, -116.0, -100.0, -100.0, -92.0, -92.0, -92.0, -94.0, -94.0], "mean_rewards": [-500.0, -500.0, -499.8333333333333, -499.875, -499.9, -499.9166666666667, -499.92857142857144, -499.9375, -498.5833333333333, -496.4, -492.2134831460674, -492.1340206185567, -489.62, -473.83, -467.85, -455.91, -426.66, -386.18, -335.66, -292.23, -246.75, -204.03, -186.14, -166.78, -157.2, -151.42, -145.13, -142.19, -138.07, -138.01], "median_rewards": [-500.0, -500.0, -500.0, -500.0, -500.0, -500.0, -500.0, -500.0, -500.0, -500.0, -500.0, -500.0, -500.0, -500.0, -500.0, -500.0, -500.0, -401.5, -322.0, -264.5, -220.0, -203.0, -184.0, -160.5, -152.0, -149.5, -144.0, -141.0, -135.5, -133.5], "nr_episodes": [8192, 12288, 16384, 20480, 24576, 28672, 32768, 36864, 40960, 45056, 49152, 53248, 57344, 61440, 65536, 69632, 73728, 77824, 81920, 86016, 90112, 94208, 98304, 102400, 106496, 110592, 114688, 118784, 122880, 126976], "times": [1.2077162265777588, 1.086815595626831, 1.0734987258911133, 1.076181411743164, 1.059441328048706, 1.0800983905792236, 1.0615994930267334, 1.0766775608062744, 1.0494840145111084, 1.0640947818756104, 1.083578109741211, 1.079763650894165, 1.0747220516204834, 1.0604088306427002, 1.0631153583526611, 1.0666520595550537, 1.0678505897521973, 1.071589708328247, 1.0778374671936035, 1.078385591506958, 1.0719127655029297, 1.0597288608551025, 1.0794811248779297, 1.0536925792694092, 1.0537879467010498, 1.083317756652832, 1.0714213848114014, 1.0714075565338135, 1.0753800868988037, 1.0677728652954102], "num_total_steps": [8192, 12288, 16384, 20480, 24576, 28672, 32768, 36864, 40960, 45056, 49152, 53248, 57344, 61440, 65536, 69632, 73728, 77824, 81920, 86016, 90112, 94208, 98304, 102400, 106496, 110592, 114688, 118784, 122880, 126976]}