# {"t_start": 1592862428.6666422, "env_id": "Pendulum-v0"} 
r,l,t
-1550.56445,200,0.418132
-1515.127631,200,0.733199
