# {"t_start": 1592862428.6805258, "env_id": "Pendulum-v0"} 
r,l,t
-1596.870457,200,0.40434
-1544.050199,200,0.719368
