# {"t_start": 1592862428.6946328, "env_id": "Pendulum-v0"} 
r,l,t
-1606.797632,200,0.390277
-1594.017556,200,0.705325
