# {"t_start": 1592862428.7085028, "env_id": "Pendulum-v0"} 
r,l,t
-1574.048008,200,0.376385
-1536.449027,200,0.691497
