# {"t_start": 1592862428.7226949, "env_id": "Pendulum-v0"} 
r,l,t
-1490.037302,200,0.362234
-1429.63823,200,0.677311
