# {"t_start": 1592862428.7367878, "env_id": "Pendulum-v0"} 
r,l,t
-1446.347075,200,0.348208
-1530.719388,200,0.663263
