# {"t_start": 1592862428.75127, "env_id": "Pendulum-v0"} 
r,l,t
-1460.895721,200,0.333739
-1621.931592,200,0.648824
