# {"t_start": 1592862428.7657127, "env_id": "Pendulum-v0"} 
r,l,t
-1577.951035,200,0.319355
-1515.474136,200,0.634434
