# {"t_start": 1592863964.680495, "env_id": "MountainCarContinuous-v0"} 
r,l,t
-7673.657167,999,1.595964
-7789.163621,999,3.098125
