# {"t_start": 1592863964.6943762, "env_id": "MountainCarContinuous-v0"} 
r,l,t
-7471.469106,999,1.582184
-6901.155619,999,3.084342
