# {"t_start": 1592863964.7116985, "env_id": "MountainCarContinuous-v0"} 
r,l,t
-7340.05438,999,1.564877
-7607.868556,999,3.067013
