# {"t_start": 1592863964.7258515, "env_id": "MountainCarContinuous-v0"} 
r,l,t
-7772.664185,999,1.550731
-7823.297907,999,3.052894
