# {"t_start": 1592863964.7399895, "env_id": "MountainCarContinuous-v0"} 
r,l,t
-6879.776782,999,1.536634
-7151.244505,999,3.038817
