# {"t_start": 1592863964.7543387, "env_id": "MountainCarContinuous-v0"} 
r,l,t
-7867.492123,999,1.522457
-7875.711072,999,3.024482
