# {"t_start": 1592863964.7686932, "env_id": "MountainCarContinuous-v0"} 
r,l,t
-7919.339212,999,1.508006
-7825.111913,999,3.010278
