# {"t_start": 1592863964.7843215, "env_id": "MountainCarContinuous-v0"} 
r,l,t
-7808.552819,999,1.492438
-7779.984113,999,2.994649
