{"min_rewards": [9.0, 8.0, 10.0, 9.0, 9.0, 10.0, 10.0, 13.0, 14.0, 16.0], "max_rewards": [53.0, 93.0, 140.0, 124.0, 157.0, 157.0, 187.0, 200.0, 200.0, 200.0], "mean_rewards": [21.22, 27.25, 30.3, 35.25, 40.0, 47.95, 54.86, 72.23, 90.45, 112.02], "median_rewards": [19.5, 23.0, 25.0, 29.0, 34.5, 43.0, 48.0, 63.5, 88.5, 107.5], "nr_episodes": [8192, 12288, 16384, 20480, 24576, 28672, 32768, 36864, 40960, 45056], "times": [1.164940595626831, 1.0334160327911377, 1.0373690128326416, 1.0104455947875977, 1.0406255722045898, 1.0260965824127197, 1.0223946571350098, 1.0587399005889893, 1.0046775341033936, 1.0214638710021973], "num_total_steps": [8192, 12288, 16384, 20480, 24576, 28672, 32768, 36864, 40960, 45056]}