{"min_rewards": [9.0, 8.0, 10.0, 9.0, 9.0, 10.0, 10.0, 13.0, 14.0, 16.0, 18.0, 18.0, 42.0, 21.0, 21.0, 21.0, 21.0, 21.0, 38.0, 38.0], "max_rewards": [53.0, 93.0, 140.0, 124.0, 157.0, 157.0, 187.0, 200.0, 200.0, 200.0, 200.0, 200.0, 200.0, 200.0, 200.0, 200.0, 200.0, 200.0, 200.0, 200.0], "mean_rewards": [21.22, 27.25, 30.3, 35.25, 40.0, 47.95, 54.86, 72.23, 90.45, 112.02, 128.69, 149.38, 165.08, 171.65, 181.71, 187.1, 188.66, 190.98, 194.53, 196.57], "median_rewards": [19.5, 23.0, 25.0, 29.0, 34.5, 43.0, 48.0, 63.5, 88.5, 107.5, 130.0, 160.0, 196.5, 200.0, 200.0, 200.0, 200.0, 200.0, 200.0, 200.0], "nr_episodes": [8192, 12288, 16384, 20480, 24576, 28672, 32768, 36864, 40960, 45056, 49152, 53248, 57344, 61440, 65536, 69632, 73728, 77824, 81920, 86016], "times": [1.164940595626831, 1.0334160327911377, 1.0373690128326416, 1.0104455947875977, 1.0406255722045898, 1.0260965824127197, 1.0223946571350098, 1.0587399005889893, 1.0046775341033936, 1.0214638710021973, 1.0830051898956299, 1.0111215114593506, 1.0756464004516602, 1.0142276287078857, 0.9891421794891357, 1.0403075218200684, 0.9999289512634277, 1.030317783355713, 0.9911315441131592, 1.007871150970459], "num_total_steps": [8192, 12288, 16384, 20480, 24576, 28672, 32768, 36864, 40960, 45056, 49152, 53248, 57344, 61440, 65536, 69632, 73728, 77824, 81920, 86016]}