{"min_rewards": [-1170.520762, -1482.523747, -1543.92019, -1543.92019, -1543.92019, -1558.440678, -1580.608831, -1670.345254, -1670.345254, -1673.089055, -1673.089055, -1673.089055, -1765.579957, -1765.579957, -1765.579957, -1765.579957, -1765.579957, -1686.346389, -1686.346389, -1686.346389, -1675.395015, -1675.395015, -1675.395015, -1741.795025, -1741.795025, -1741.795025, -1741.795025, -1727.535372, -1727.535372, -1727.535372, -1541.145399, -1623.878715, -1623.878715, -1623.878715, -1623.878715, -1623.878715, -1780.591598, -1780.591598, -1780.591598, -1780.591598, -1780.591598, -1594.899232, -1686.592662, -1686.592662, -1686.592662, -1686.592662, -1686.592662, -1662.839796, -1470.376671, -1546.313861, -1546.313861, -1630.80925, -1630.80925, -1630.80925, -1709.557717, -1780.776811, -1780.776811, -1780.776811, -1780.776811, -1780.776811, -1639.294919, -1639.294919, -1575.040222, -1575.040222, -1575.040222, -1594.890584, -1594.890584, -1594.890584, -1594.890584, -1673.681714, -1673.681714, -1673.681714, -1240.799991, -1526.065525, -1634.962776, -1634.962776, -1634.962776, -1634.962776, -1634.962776, -1604.426239, -1604.426239, -1601.918723, -1526.484076, -1526.484076, -1526.484076, -1667.604797, -1667.604797, -1667.604797, -1667.604797, -1667.604797, -1667.604797, -1610.023677, -1587.777138, -1587.777138, -1587.777138, -1726.242547, -1726.242547, -1726.242547, -1726.242547, -1726.242547, -1754.356136, -1754.356136, -1754.356136, -1758.069925, -1758.069925, -1758.069925, -1758.069925, -1758.069925, -1548.60908, -1694.411926, -1694.411926, -1694.411926, -1694.411926, -1694.411926, -1581.967573, -1705.41919, -1832.124727, -1832.124727, -1832.124727, -1832.124727, -1832.124727, -1814.3844, -1814.3844, -1814.3844, -1814.3844, -1814.3844, -1660.905718, -1660.905718, -1660.905718, -1660.905718, -1645.005256, -1614.01931, -1631.711231, -1631.711231, -1631.711231, -1631.711231, -1631.711231, -1612.548169, -1612.548169, -1612.548169, -1481.408804, -1458.432568, -1450.193908, -1436.522037, -1436.522037, -1436.522037, -1459.41921, -1742.633444, -1742.633444, -1742.633444, -1742.633444, -1742.633444, -1580.574092, -1580.574092, -1587.285604, -1587.285604, -1587.285604, -1587.285604, -1650.197755, -1650.197755, -1650.197755, -1650.197755, -1650.197755, -1369.644929, -1724.448562, -1724.448562, -1724.448562, -1724.448562, -1724.448562, -1655.909016, -1655.909016, -1655.909016, -1655.909016, -1655.909016, -1529.741015, -1529.741015], "max_rewards": [-869.31623, -757.329267, -757.329267, -757.329267, -757.329267, -757.329267, -809.254406, -809.254406, -809.254406, -818.406094, -818.406094, -841.968195, -841.968195, -841.968195, -841.968195, -841.968195, -859.277471, -826.717347, -826.717347, -811.258122, -811.258122, -811.258122, -811.258122, -811.258122, -745.490677, -745.490677, -745.490677, -745.490677, -745.490677, -745.490677, -800.438997, -787.568174, -757.819885, -757.819885, -757.819885, -757.819885, -757.819885, -863.000341, -863.000341, -863.572844, -744.149397, -744.149397, -744.149397, -744.149397, -744.149397, -787.842573, -787.842573, -865.827978, -865.827978, -865.827978, -871.999896, -873.069068, -808.907959, -808.907959, -808.907959, -808.907959, -808.907959, -864.3097, -864.3097, -864.3097, -864.3097, -864.3097, -877.980641, -857.512811, -757.080875, -757.080875, -757.080875, -757.080875, -757.080875, -758.293212, -758.293212, -758.293212, -856.518496, -855.697933, -855.697933, -855.697933, -855.697933, -855.697933, -857.272572, -857.272572, -857.272572, -857.272572, -858.755069, -858.755069, -748.843206, -748.843206, -748.843206, -748.843206, -748.843206, -870.099714, -847.360433, -847.360433, -847.360433, -847.360433, -858.592604, -858.592604, -751.41675, -751.41675, -751.41675, -751.41675, -820.8838, -739.653092, -739.653092, -739.653092, -739.653092, -739.653092, -811.671309, -811.671309, -760.570183, -760.570183, -760.570183, -760.570183, -750.648891, -750.648891, -750.648891, -750.648891, -750.648891, -857.968767, -857.968767, -749.782971, -749.782971, -749.782971, -749.782971, -749.782971, -854.617473, -749.82675, -749.82675, -749.82675, -749.82675, -749.82675, -832.706581, -857.758377, -832.359394, -832.359394, -832.359394, -832.359394, -832.359394, -842.669836, -842.669836, -842.669836, -853.595012, -859.271421, -859.271421, -858.383271, -858.383271, -858.383271, -858.383271, -858.383271, -869.8888, -844.235064, -844.235064, -844.235064, -844.235064, -855.694038, -855.694038, -749.766743, -749.766743, -749.766743, -749.766743, -749.766743, -755.989439, -823.98106, -823.98106, -847.122175, -855.12378, -855.12378, -855.12378, -855.12378, -855.12378, -756.930656, -756.930656, -756.930656, -756.930656, -756.930656, -761.598643, -761.598643], "mean_rewards": [-996.9531870625001, -997.7618834000001, -1034.5229191785716, -1038.9345934, -1043.3987534375, -1071.12877851, -1093.1653075200002, -1092.8519928, -1097.6555910399998, -1108.32563966, -1082.92885763, -1085.3073809700002, -1090.6362683, -1090.9772137100001, -1079.73732309, -1091.77921132, -1084.8179672699998, -1078.9694384900001, -1084.83324997, -1076.7022251500002, -1062.5253786399999, -1075.9983471599996, -1064.28480891, -1079.6493312799998, -1079.68601, -1077.1534661100002, -1082.3754434100001, -1066.3754933599998, -1060.36286154, -1053.46025832, -1055.73380262, -1056.40585739, -1046.5875924000002, -1047.4482229300002, -1049.4626241700003, -1054.0784586, -1049.8435838700002, -1060.42509269, -1066.51747548, -1056.43481626, -1056.5879233499998, -1050.87041161, -1049.9764531600003, -1061.2827002900003, -1051.09306758, -1066.3901735200002, -1060.8046948, -1064.4071275, -1055.5088624300001, -1067.82128398, -1069.73539549, -1084.63090162, -1071.1165906499998, -1073.83649586, -1071.51442969, -1071.06199042, -1063.5378514400002, -1078.36617174, -1076.07088795, -1072.67170392, -1073.54639729, -1073.6567854599998, -1076.18449217, -1072.0056632399999, -1071.1420712199997, -1076.5509663, -1072.0498231499998, -1060.27089875, -1055.52083699, -1070.74056773, -1054.2950599399999, -1047.03464483, -1015.1589469999999, -1043.662435125, -1038.1281299531252, -1041.327084175, -1055.24674904, -1071.8214027900003, -1069.30426412, -1079.25311531, -1082.9594913200003, -1087.5774761, -1081.24755998, -1076.5985811799999, -1079.30536887, -1088.7043749299999, -1081.3602676699998, -1080.6031166599998, -1100.05857764, -1108.7136179399997, -1100.61619637, -1085.86721623, -1083.4987955400002, -1071.78707096, -1089.05026286, -1089.34987684, -1094.77171034, -1086.41288117, -1074.4919395299999, -1064.2190776, -1058.4672241499998, -1052.9222828400002, -1056.20796725, -1051.91061511, -1048.4648950900003, -1053.55444812, -1054.30331674, -1072.29881198, -1077.02742344, -1081.2923603, -1072.7469017800001, -1073.83728591, -1061.59513057, -1068.4295336199998, -1043.9682070099998, -1037.1490527400001, -1040.77212973, -1037.14017695, -1037.92224663, -1068.72253825, -1062.5367622699998, -1073.8887605800003, -1066.1196750400002, -1059.3284681700002, -1037.26370541, -1044.34940222, -1032.6490034999997, -1043.4262480600003, -1068.5563973399999, -1081.8793778900001, -1078.1947893999998, -1072.9335614200002, -1062.13973027, -1051.89761843, -1050.6465629699999, -1052.6091908200003, -1057.3653511500002, -1052.36454642, -1060.2312559399998, -1061.84394926, -1056.41300533, -1044.09193329, -1059.7655027699998, -1049.7508937700002, -1054.88623979, -1059.81563166, -1066.5830928400003, -1054.7667161600002, -1049.2322710600001, -1042.2695493299998, -1041.56299702, -1034.32405153, -1044.44748151, -1060.3007046700002, -1057.79227619, -1067.53551733, -1069.53453658, -1067.00971776, -1053.3927756199998, -1058.41688723, -1049.29936861, -1054.2978661, -1045.9985857000001, -1042.3069759199998, -1053.1896633699998, -1060.79913101, -1073.4996948, -1087.9080793599999, -1081.5549445899999, -1059.90230546, -1050.5391330599998, -1052.3323415099999, -1048.0304820000001, -1057.63027823, -1058.00715079, -1076.76095408],