{"min_rewards": [-1170.520762, -1482.523747, -1543.92019, -1543.92019, -1543.92019, -1558.440678, -1580.608831, -1670.345254, -1670.345254, -1673.089055, -1673.089055, -1673.089055, -1765.579957, -1765.579957, -1765.579957, -1765.579957, -1765.579957, -1686.346389, -1686.346389, -1686.346389, -1675.395015, -1675.395015, -1675.395015, -1741.795025, -1741.795025, -1741.795025, -1741.795025, -1727.535372, -1727.535372, -1727.535372, -1541.145399, -1623.878715, -1623.878715, -1623.878715, -1623.878715, -1623.878715, -1780.591598, -1780.591598, -1780.591598, -1780.591598, -1780.591598, -1594.899232, -1686.592662, -1686.592662, -1686.592662, -1686.592662, -1686.592662, -1662.839796, -1470.376671, -1546.313861, -1546.313861, -1630.80925, -1630.80925, -1630.80925, -1709.557717, -1780.776811, -1780.776811, -1780.776811, -1780.776811, -1780.776811, -1639.294919, -1639.294919, -1575.040222, -1575.040222, -1575.040222, -1594.890584, -1594.890584, -1594.890584, -1594.890584, -1673.681714, -1673.681714, -1673.681714], "max_rewards": [-869.31623, -757.329267, -757.329267, -757.329267, -757.329267, -757.329267, -809.254406, -809.254406, -809.254406, -818.406094, -818.406094, -841.968195, -841.968195, -841.968195, -841.968195, -841.968195, -859.277471, -826.717347, -826.717347, -811.258122, -811.258122, -811.258122, -811.258122, -811.258122, -745.490677, -745.490677, -745.490677, -745.490677, -745.490677, -745.490677, -800.438997, -787.568174, -757.819885, -757.819885, -757.819885, -757.819885, -757.819885, -863.000341, -863.000341, -863.572844, -744.149397, -744.149397, -744.149397, -744.149397, -744.149397, -787.842573, -787.842573, -865.827978, -865.827978, -865.827978, -871.999896, -873.069068, -808.907959, -808.907959, -808.907959, -808.907959, -808.907959, -864.3097, -864.3097, -864.3097, -864.3097, -864.3097, -877.980641, -857.512811, -757.080875, -757.080875, -757.080875, -757.080875, -757.080875, -758.293212, -758.293212, -758.293212], "mean_rewards": [-996.9531870625001, -997.7618834000001, -1034.5229191785716, -1038.9345934, -1043.3987534375, -1071.12877851, -1093.1653075200002, -1092.8519928, -1097.6555910399998, -1108.32563966, -1082.92885763, -1085.3073809700002, -1090.6362683, -1090.9772137100001, -1079.73732309, -1091.77921132, -1084.8179672699998, -1078.9694384900001, -1084.83324997, -1076.7022251500002, -1062.5253786399999, -1075.9983471599996, -1064.28480891, -1079.6493312799998, -1079.68601, -1077.1534661100002, -1082.3754434100001, -1066.3754933599998, -1060.36286154, -1053.46025832, -1055.73380262, -1056.40585739, -1046.5875924000002, -1047.4482229300002, -1049.4626241700003, -1054.0784586, -1049.8435838700002, -1060.42509269, -1066.51747548, -1056.43481626, -1056.5879233499998, -1050.87041161, -1049.9764531600003, -1061.2827002900003, -1051.09306758, -1066.3901735200002, -1060.8046948, -1064.4071275, -1055.5088624300001, -1067.82128398, -1069.73539549, -1084.63090162, -1071.1165906499998, -1073.83649586, -1071.51442969, -1071.06199042, -1063.5378514400002, -1078.36617174, -1076.07088795, -1072.67170392, -1073.54639729, -1073.6567854599998, -1076.18449217, -1072.0056632399999, -1071.1420712199997, -1076.5509663, -1072.0498231499998, -1060.27089875, -1055.52083699, -1070.74056773, -1054.2950599399999, -1047.03464483], "median_rewards": [-1004.7919254999999, -997.030168, -1007.404914, -1004.7919254999999, -1004.012457, -1011.7950069999999, -1021.4171795, -1011.6384734999999, -1028.7384065, -1042.548687, -1012.7853915000001, -1014.916356, -1023.7046645, -1023.7046645, -1023.7046645, -1050.189586, -1026.0549375, -1020.4922075, -1006.544127, -996.3620645000001, -994.959251, -1006.8788085, -1004.8053279999999, -1020.73216, -1013.8774895, -1013.8774895, -1012.8098075, -1015.10402, -1015.733485, -1016.5876129999999, -1018.441622, -1019.9185915, -1013.837625, -1014.357299, -1013.2299155000001, -1012.5163505, -1005.23939, -1010.2575205, -1007.4223045, -1010.2575205, -1011.5343875, -1011.4968309999999, -1009.19088, -1013.58563, -1006.1011820000001, -1010.1911505, -1010.2310015, -1013.477224, -1015.0483375, -1021.623696, -1024.0190505, -1036.6480824999999, -1026.968421, -1037.1798565, -1021.8214855000001, -1017.1991245, -1014.1447000000001, -1013.3659115, -1008.2578435, -1010.4678670000001, -1015.431908, -1017.9396945, -1039.9214364999998, -1022.0700155, -1041.4189605000001, -1041.4189605000001, -1039.2690845000002, -1025.495185, -1025.495185, -1042.546569, -1026.5202295, -1013.2475195], "nr_episodes": [8192, 12288, 16384, 20480, 24576, 28672, 32768, 36864, 40960, 45056, 49152, 53248, 57344, 61440, 65536, 69632, 73728, 77824, 81920, 86016, 90112, 94208, 98304, 102400, 106496, 110592, 114688, 118784, 122880, 126976, 131072, 135168, 139264, 143360, 147456, 151552, 155648, 159744, 163840, 167936, 172032, 176128, 180224, 184320, 188416, 192512, 196608, 200704, 204800, 208896, 212992, 217088, 221184, 225280, 229376, 233472, 237568, 241664, 245760, 249856, 253952, 258048, 262144, 266240, 270336, 274432, 278528, 282624, 286720, 290816, 294912, 299008], "times": [1.1868605613708496, 1.065145492553711, 1.0593421459197998, 1.0581858158111572, 1.0592491626739502, 1.0537714958190918, 1.0690293312072754, 1.0783720016479492, 1.0957996845245361, 1.0907933712005615, 1.0783913135528564, 1.0678229331970215, 1.0589375495910645, 1.0479423999786377, 1.0659635066986084, 1.0686016082763672, 1.0746047496795654, 1.0622189044952393, 1.0585358142852783, 1.0455269813537598, 1.0698761940002441, 1.054896354675293, 1.0633947849273682, 1.0694499015808105, 1.0429913997650146, 1.071268081665039, 1.050074577331543, 1.0639386177062988, 1.0571846961975098, 1.0563390254974365, 1.0645835399627686, 1.0723204612731934, 1.0569109916687012, 1.0407567024230957, 1.069248914718628, 1.0559048652648926, 1.06046462059021, 1.0531139373779297, 1.0678024291992188, 1.0561192035675049, 1.0643224716186523, 1.059706211090088, 1.0602874755859375, 1.055433988571167, 1.0687668323516846, 1.0655832290649414, 1.0548126697540283, 1.0744915008544922, 1.0896570682525635, 1.0599863529205322, 1.0572459697723389, 1.0388710498809814, 1.052492618560791, 1.066519021987915, 1.0729401111602783, 1.0619938373565674, 1.0675785541534424, 1.107405424118042, 1.1561601161956787, 1.2536392211914062, 1.139178991317749, 1.0556180477142334, 1.0525758266448975, 1.0681712627410889, 1.0571660995483398, 1.0696098804473877, 1.068408489227295, 1.0687918663024902, 1.0777955055236816, 1.0612578392028809, 1.087360143661499, 1.0607213973999023], "num_total_steps": [8192, 12288, 16384, 20480, 24576, 28672, 32768, 36864, 40960, 45056, 49152, 53248, 57344, 61440, 65536, 69632, 73728, 77824, 81920, 86016, 90112, 94208, 98304, 102400, 106496, 110592, 114688, 118784, 122880, 126976, 131072, 135168, 139264, 143360, 147456, 151552, 155648, 159744, 163840, 167936, 172032, 176128, 180224, 184320, 188416, 192512, 196608, 200704, 204800, 208896, 212992, 217088, 221184, 225280, 229376, 233472, 237568, 241664, 245760, 249856, 253952, 258048, 262144, 266240, 270336, 274432, 278528, 282624, 286720, 290816, 294912, 299008], "prune_ratio": [0.046875, 408.0], "converged_score": [-1010.7, -1047.03464483]}