{"min_rewards": [-119.768002, -119.768002, -119.768002, -119.768002, -119.768002, -119.768002, -119.768002, -119.768002, -119.768002], "max_rewards": [-98.655278, -98.655278, -97.332732, -97.332732, -94.341605, -94.341605, -88.272275, -88.272275, -87.201754], "mean_rewards": [-107.40207875, -107.40207875, -104.61722743749999, -104.61722743749999, -103.71255129166666, -103.71255129166666, -102.17767321875, -102.17767321875, -100.58704135], "median_rewards": [-105.385142, -105.385142, -103.8679985, -103.8679985, -103.8679985, -103.8679985, -101.9702025, -101.9702025, -99.98879], "nr_episodes": [12288, 16384, 20480, 24576, 28672, 32768, 36864, 40960, 45056], "times": [2.171105146408081, 1.013134479522705, 1.0114612579345703, 1.0046236515045166, 1.0199699401855469, 1.0172843933105469, 1.014575481414795, 1.0135056972503662, 1.0081665515899658], "num_total_steps": [12288, 16384, 20480, 24576, 28672, 32768, 36864, 40960, 45056]}