{"min_rewards": [-119.768002, -119.768002, -119.768002, -119.768002, -119.768002, -119.768002, -119.768002, -119.768002, -119.768002, -119.768002, -119.768002, -119.768002, -119.768002, -119.768002, -119.768002, -119.768002, -119.768002, -119.768002, -119.768002, -119.768002, -111.691832, -108.075664, -103.654355, -103.654355, -93.704274, 9.440637, 27.359929, 35.278739, 35.278739, 35.278739, 44.960603, 48.547561, 48.547561, 48.547561, 48.547561, 48.547561, 48.547561, 48.547561, 54.190774, 54.190774, 54.190774, 58.180136, 61.591579, 63.203607, 63.721122, 56.714577, 53.815922, 53.211038, 53.211038, 53.211038, 53.211038, 51.487795, 50.3651, 50.3651, 50.3651, 50.3651, 50.3651, 50.3651, 52.601225, 52.601225, 55.767585, 55.767585, 55.767585, 55.767585, 50.68141, 50.68141, 50.68141, 50.68141, 50.68141, 50.68141, 50.103756, 50.103756, 50.103756, 50.103756, 50.103756, 50.103756, 57.671165, 54.115398, 54.115398, 54.115398, 51.719336, 51.719336, 51.671712, 51.671712, 51.671712, 51.671712, 51.671712, 56.478688, 56.478688, 56.478688, 60.125675, 60.125675, 60.125675, 60.373204, 60.983491, 62.584794, 62.584794, 55.26145, 55.26145, 55.26145, 55.26145, 59.173645, 58.334187, 58.334187, 58.334187, 58.334187, 60.80428, 62.595082, 62.595082, 57.494082, 57.494082, 57.494082, 57.494082, 62.883685, 61.596212, 56.164226, 56.164226, 56.164226, 56.164226, 64.140871, 64.140871, 61.668098, 61.668098, 61.668098, 61.668098, 62.073992, 62.073992, 62.073992, 63.472586], "max_rewards": [-98.655278, -98.655278, -97.332732, -97.332732, -94.341605, -94.341605, -88.272275, -88.272275, -87.201754, -87.201754, 39.857151, 39.857151, 39.857151, 41.677683, 74.639842, 74.639842, 74.639842, 74.639842, 74.639842, 74.639842, 78.798344, 78.798344, 78.798344, 80.18861, 80.18861, 80.18861, 81.713237, 81.713237, 81.713237, 81.713237, 81.713237, 81.713237, 81.713237, 81.713237, 83.442566, 84.80409, 84.80409, 84.80409, 84.80409, 85.908598, 85.908598, 85.908598, 85.908598, 85.908598, 85.908598, 83.22606, 83.22606, 83.22606, 83.22606, 83.22606, 83.22606, 82.630032, 85.137583, 85.137583, 85.137583, 85.137583, 85.137583, 85.137583, 82.347314, 83.921129, 83.921129, 83.921129, 83.921129, 83.921129, 83.921129, 83.428623, 85.926493, 85.926493, 85.926493, 85.926493, 85.926493, 85.926493, 84.430067, 84.430067, 87.376255, 87.376255, 87.376255, 87.376255, 87.376255, 83.528944, 83.528944, 84.604197, 85.32046, 85.32046, 85.32046, 85.32046, 85.32046, 84.78314, 84.668106, 84.529901, 85.323873, 85.323873, 85.323873, 85.323873, 85.323873, 84.006362, 84.006362, 84.006362, 83.57473, 83.57473, 85.862094, 85.862094, 85.862094, 85.862094, 85.336923, 85.336923, 84.703426, 84.703426, 87.751168, 87.751168, 87.751168, 87.751168, 85.653409, 85.653409, 85.653409, 85.653409, 87.545754, 87.545754, 87.545754, 87.545754, 83.893203, 84.738321, 84.738321, 84.738321, 84.738321, 84.738321, 85.395321, 85.436264, 85.436264], "mean_rewards": [-107.40207875, -107.40207875, -104.61722743749999, -104.61722743749999, -103.71255129166666, -103.71255129166666, -102.17767321875, -102.17767321875, -100.58704135, -100.58704135, -96.62145877083333, -96.60528983673468, -93.84606483928572, -91.35951901724138, -82.06709806153846, -75.5016615942029, -69.84609397333335, -59.166901204819276, -51.25778533707865, -42.22197443877551, -20.811080950000004, -3.9493276200000014, 15.484799890000001, 33.63736641999999, 51.62347719999999, 62.43790977, 65.39806988, 67.80049189999998, 67.86700946, 67.91541363999998, 68.83531145, 69.07645387000001, 69.33583423000002, 69.57426387000001, 70.00928479999999, 70.68612587, 71.36932429, 71.80360037999999, 72.46140829999999, 72.89716525, 73.08748846, 73.40905547999999, 74.00503885, 74.21617742000001, 74.34780617999999, 74.01006388999998, 73.69465428, 73.21649654, 72.59156653, 72.12626022, 71.63002291999999, 71.25133167000001, 71.83542484, 72.13562517, 71.80352458000002, 72.25407232999999, 72.12383225, 72.55682297000001, 72.32014593000001, 72.61478360999999, 72.40429085000001, 72.0474665, 72.35792026000001, 71.86135927999999, 71.04025449, 71.06993362000001, 71.70498076, 71.84738375, 71.33196264, 72.40977096, 72.9721901, 73.23256844, 73.17005049, 73.76713742999999, 74.0285646, 73.78814504, 73.45954799, 73.49830026999999, 73.28609424999999, 72.73424598999999, 72.78229406999999, 73.62508427, 73.10846543, 73.08789296999998, 74.28098619000001, 74.129868, 73.86291259, 74.88541935, 75.14082821999999, 75.02281227, 75.33723252, 75.02220348, 75.05868654, 75.36785142000001, 75.11230151, 75.19251795000001, 74.81531020999999, 74.11319411, 74.05577428000001, 74.33006127, 74.59719492, 74.63016446, 74.6168713, 74.88014859, 74.52620293999999, 74.54542090000001, 74.86328271000001, 75.03471976, 75.57389232, 75.66784444, 75.66271338, 75.47562592999999, 75.27920515, 74.88337775999999, 75.20431342, 75.38032592999998, 75.57130853, 76.1699626, 75.52302804, 75.10127946, 75.02060009, 74.98374378, 75.05995899999999, 75.02313124999999, 75.16051655, 74.89778890999999, 74.85356355, 75.88289048, 75.31333876999999], "median_rewards": [-105.385142, -105.385142, -103.8679985, -103.8679985, -103.8679985, -103.8679985, -101.9702025, -101.9702025, -99.98879, -99.98879, -98.2511285, -97.846979, -97.1196295, -96.893244, -96.527405, -96.134645, -95.394159, -93.657868, -93.102044, -90.520351, 12.7006805, 32.307366, 46.0448145, 53.9765615, 61.608447999999996, 66.02664899999999, 67.9784865, 68.8918915, 68.8918915, 69.2590785, 70.6879845, 70.6879845, 70.7818645, 70.7818645, 71.1996825, 71.78029599999999, 71.8738815, 72.23046149999999, 72.55221900000001, 72.8505805, 73.11612099999999, 73.21150349999999, 73.7162795, 73.92620550000001, 73.9673535, 73.8199585, 73.7162795, 73.7209165, 72.969628, 73.253, 72.1320485, 71.52965449999999, 72.73569549999999, 73.2915935, 72.16876500000001, 72.3158375, 72.099458, 72.4401885, 72.42779100000001, 72.450784, 72.450784, 72.51141, 73.328517, 73.085535, 72.600859, 72.7154135, 73.107992, 72.905824, 71.778486, 73.07252249999999, 73.524865, 73.7682685, 74.0628985, 74.32407749999999, 74.53505100000001, 74.46309099999999, 74.167389, 74.0396435, 74.39396099999999, 73.52114599999999, 73.52114599999999, 74.600718, 73.970564, 73.61829599999999, 75.8287655, 74.96581, 74.475639, 75.8591935, 75.88786, 75.666944, 76.00167400000001, 75.4122045, 75.2446075, 75.853157, 74.970126, 75.079684, 74.5294785, 73.882286, 74.7293375, 75.30892850000001, 75.4487175, 75.4487175, 75.4487175, 75.2707105, 74.4562455, 74.641748, 75.113403, 75.6432465, 76.263079, 76.33408850000001, 76.2772225, 75.7310205, 75.072766, 74.76101249999999, 74.9102705, 75.4165895, 75.8497475, 77.1347725, 75.99154300000001, 75.010643, 74.6092195, 74.7651285, 75.088696, 75.088696, 75.350803, 75.066085, 75.3070685, 76.9457395, 75.3421655], "nr_episodes": [12288, 16384, 20480, 24576, 28672, 32768, 36864, 40960, 45056, 49152, 53248, 57344, 61440, 65536, 69632, 73728, 77824, 81920, 86016, 90112, 94208, 98304, 102400, 106496, 110592, 114688, 118784, 122880, 126976, 131072, 135168, 139264, 143360, 147456, 151552, 155648, 159744, 163840, 167936, 172032, 176128, 180224, 184320, 188416, 192512, 196608, 200704, 204800, 208896, 212992, 217088, 221184, 225280, 229376, 233472, 237568, 241664, 245760, 249856, 253952, 258048, 262144, 266240, 270336, 274432, 278528, 282624, 286720, 290816, 294912, 299008, 303104, 307200, 311296, 315392, 319488, 323584, 327680, 331776, 335872, 339968, 344064, 348160, 352256, 356352, 360448, 364544, 368640, 372736, 376832, 380928, 385024, 389120, 393216, 397312, 401408, 405504, 409600, 413696, 417792, 421888, 425984, 430080, 434176, 438272, 442368, 446464, 450560, 454656, 458752, 462848, 466944, 471040, 475136, 479232, 483328, 487424, 491520, 495616, 499712, 503808, 507904, 512000, 516096, 520192, 524288, 528384, 532480, 536576],