{"min_rewards": [-119.768002, -119.768002, -119.768002, -119.768002, -119.768002, -119.768002, -119.768002, -119.768002, -119.768002, -119.768002, -119.768002, -119.768002, -119.768002, -119.768002, -119.768002, -119.768002, -119.768002, -119.768002, -119.768002], "max_rewards": [-98.655278, -98.655278, -97.332732, -97.332732, -94.341605, -94.341605, -88.272275, -88.272275, -87.201754, -87.201754, 39.857151, 39.857151, 39.857151, 41.677683, 74.639842, 74.639842, 74.639842, 74.639842, 74.639842], "mean_rewards": [-107.40207875, -107.40207875, -104.61722743749999, -104.61722743749999, -103.71255129166666, -103.71255129166666, -102.17767321875, -102.17767321875, -100.58704135, -100.58704135, -96.62145877083333, -96.60528983673468, -93.84606483928572, -91.35951901724138, -82.06709806153846, -75.5016615942029, -69.84609397333335, -59.166901204819276, -51.25778533707865], "median_rewards": [-105.385142, -105.385142, -103.8679985, -103.8679985, -103.8679985, -103.8679985, -101.9702025, -101.9702025, -99.98879, -99.98879, -98.2511285, -97.846979, -97.1196295, -96.893244, -96.527405, -96.134645, -95.394159, -93.657868, -93.102044], "nr_episodes": [12288, 16384, 20480, 24576, 28672, 32768, 36864, 40960, 45056, 49152, 53248, 57344, 61440, 65536, 69632, 73728, 77824, 81920, 86016], "times": [2.171105146408081, 1.013134479522705, 1.0114612579345703, 1.0046236515045166, 1.0199699401855469, 1.0172843933105469, 1.014575481414795, 1.0135056972503662, 1.0081665515899658, 1.0277762413024902, 1.0196092128753662, 1.0165584087371826, 1.0303242206573486, 1.0130033493041992, 1.017561435699463, 1.0179054737091064, 1.023106336593628, 1.015188455581665, 1.0067782402038574], "num_total_steps": [12288, 16384, 20480, 24576, 28672, 32768, 36864, 40960, 45056, 49152, 53248, 57344, 61440, 65536, 69632, 73728, 77824, 81920, 86016]}