{"min_rewards": [-119.768002, -119.768002, -119.768002, -119.768002, -119.768002, -119.768002, -119.768002, -119.768002, -119.768002, -119.768002, -119.768002, -119.768002, -119.768002, -119.768002, -119.768002, -119.768002, -119.768002, -119.768002, -119.768002, -119.768002, -111.691832, -108.075664, -103.654355, -103.654355, -93.704274, 9.440637, 27.359929, 35.278739, 35.278739, 35.278739, 44.960603, 48.547561, 48.547561, 48.547561, 48.547561, 48.547561, 48.547561, 48.547561, 54.190774], "max_rewards": [-98.655278, -98.655278, -97.332732, -97.332732, -94.341605, -94.341605, -88.272275, -88.272275, -87.201754, -87.201754, 39.857151, 39.857151, 39.857151, 41.677683, 74.639842, 74.639842, 74.639842, 74.639842, 74.639842, 74.639842, 78.798344, 78.798344, 78.798344, 80.18861, 80.18861, 80.18861, 81.713237, 81.713237, 81.713237, 81.713237, 81.713237, 81.713237, 81.713237, 81.713237, 83.442566, 84.80409, 84.80409, 84.80409, 84.80409], "mean_rewards": [-107.40207875, -107.40207875, -104.61722743749999, -104.61722743749999, -103.71255129166666, -103.71255129166666, -102.17767321875, -102.17767321875, -100.58704135, -100.58704135, -96.62145877083333, -96.60528983673468, -93.84606483928572, -91.35951901724138, -82.06709806153846, -75.5016615942029, -69.84609397333335, -59.166901204819276, -51.25778533707865, -42.22197443877551, -20.811080950000004, -3.9493276200000014, 15.484799890000001, 33.63736641999999, 51.62347719999999, 62.43790977, 65.39806988, 67.80049189999998, 67.86700946, 67.91541363999998, 68.83531145, 69.07645387000001, 69.33583423000002, 69.57426387000001, 70.00928479999999, 70.68612587, 71.36932429, 71.80360037999999, 72.46140829999999], "median_rewards": [-105.385142, -105.385142, -103.8679985, -103.8679985, -103.8679985, -103.8679985, -101.9702025, -101.9702025, -99.98879, -99.98879, -98.2511285, -97.846979, -97.1196295, -96.893244, -96.527405, -96.134645, -95.394159, -93.657868, -93.102044, -90.520351, 12.7006805, 32.307366, 46.0448145, 53.9765615, 61.608447999999996, 66.02664899999999, 67.9784865, 68.8918915, 68.8918915, 69.2590785, 70.6879845, 70.6879845, 70.7818645, 70.7818645, 71.1996825, 71.78029599999999, 71.8738815, 72.23046149999999, 72.55221900000001], "nr_episodes": [12288, 16384, 20480, 24576, 28672, 32768, 36864, 40960, 45056, 49152, 53248, 57344, 61440, 65536, 69632, 73728, 77824, 81920, 86016, 90112, 94208, 98304, 102400, 106496, 110592, 114688, 118784, 122880, 126976, 131072, 135168, 139264, 143360, 147456, 151552, 155648, 159744, 163840, 167936], "times": [2.171105146408081, 1.013134479522705, 1.0114612579345703, 1.0046236515045166, 1.0199699401855469, 1.0172843933105469, 1.014575481414795, 1.0135056972503662, 1.0081665515899658, 1.0277762413024902, 1.0196092128753662, 1.0165584087371826, 1.0303242206573486, 1.0130033493041992, 1.017561435699463, 1.0179054737091064, 1.023106336593628, 1.015188455581665, 1.0067782402038574, 1.0205717086791992, 1.01814603805542, 1.0168490409851074, 1.018728494644165, 1.0724866390228271, 1.0088648796081543, 1.0188641548156738, 1.0114705562591553, 1.0188658237457275, 1.0350608825683594, 1.0484793186187744, 1.025566577911377, 1.013096809387207, 1.009964942932129, 1.0145492553710938, 1.0092086791992188, 1.0153398513793945, 1.0128557682037354, 1.0150182247161865, 1.012834072113037], "num_total_steps": [12288, 16384, 20480, 24576, 28672, 32768, 36864, 40960, 45056, 49152, 53248, 57344, 61440, 65536, 69632, 73728, 77824, 81920, 86016, 90112, 94208, 98304, 102400, 106496, 110592, 114688, 118784, 122880, 126976, 131072, 135168, 139264, 143360, 147456, 151552, 155648, 159744, 163840, 167936]}