{"min_rewards": [-111.053242, -111.053242, -111.053242, -111.053242, -111.053242, -111.053242, -111.053242, -111.053242, -111.053242], "max_rewards": [-97.442134, -97.442134, -96.764013, -96.764013, -88.199863, -88.199863, 41.588468, 54.004611, 54.004611], "mean_rewards": [-104.412937625, -104.412937625, -102.93373775, -102.93373775, -101.21288091666668, -101.21288091666668, -95.539491125, -86.79247355882353, -84.014220025], "median_rewards": [-104.064734, -104.064734, -102.056169, -102.056169, -100.8071465, -100.8071465, -98.97734249999999, -98.037668, -97.44765749999999], "nr_episodes": [12288, 16384, 20480, 24576, 28672, 32768, 36864, 40960, 45056], "times": [2.031532049179077, 0.9630637168884277, 0.9510271549224854, 0.9463448524475098, 0.9627118110656738, 0.9610092639923096, 0.9575152397155762, 0.9450106620788574, 0.9450168609619141], "num_total_steps": [12288, 16384, 20480, 24576, 28672, 32768, 36864, 40960, 45056]}