{"min_rewards": [-111.053242, -111.053242, -111.053242, -111.053242, -111.053242, -111.053242, -111.053242, -111.053242, -111.053242, -111.053242, -111.053242, -111.053242, -111.053242, -111.053242, -111.053242, -111.053242, -111.053242, -111.053242, -110.209421, -104.390271, -102.185281, -99.249352, -94.13495, 9.628983, 9.628983, 40.512843, 41.155416, 45.66896, 50.17725, 50.17725, 50.17725, 40.504813, 40.504813, 40.504813, 40.504813, 40.504813, 40.504813, 40.504813, 49.319189, 55.201117, 56.197928, 54.802414, 54.802414, 50.963212, 50.963212, 50.963212, 50.963212, 50.963212, 50.963212, 53.177871, 53.177871, 45.823477, 45.823477, 45.823477, 45.823477, 45.823477, 45.823477, 45.823477, 50.679277, 50.679277, 59.297785, 59.297785, 59.297785, 59.297785, 59.389105, 56.669411, 56.669411, 54.1588, 54.1588, 54.1588, 54.1588, 54.1588, 54.1588, 56.099928, 56.099928, 52.475734, 52.475734, 52.475734, 52.475734, 52.475734, 52.475734, 61.106338, 61.106338, 61.053582, 61.053582, 61.053582, 61.053582, 61.053582, 63.724037, 63.26794, 63.26794, 63.26794, 62.269353, 62.269353, 62.269353, 62.269353, 63.169373, 64.362601, 64.242589, 63.354694, 62.681118, 62.681118, 62.580972, 62.580972, 55.75872, 55.75872, 55.75872, 55.75872, 66.064882, 63.406585, 63.406585, 63.406585, 63.406585, 63.922692, 63.922692, 63.922692, 63.922692, 65.361505, 66.07395, 66.323779, 64.872827, 64.872827, 61.1562, 61.1562, 61.1562, 61.1562, 63.386791, 63.386791, 63.194947, 63.194947, 63.194947, 65.939783, 63.579508, 63.579508, 63.579508, 65.565121, 65.565121, 65.565121, 66.055295, 66.055295, 65.70331, 65.70331, 65.122708, 65.122708, 65.122708, 65.399087, 64.813702, 64.813702, 61.839185, 61.839185, 61.839185, 64.344896, 64.681818, 67.712965, 63.776532, 63.776532, 63.776532, 65.739944, 65.739944], "max_rewards": [-97.442134, -97.442134, -96.764013, -96.764013, -88.199863, -88.199863, 41.588468, 54.004611, 54.004611, 54.004611, 54.004611, 54.004611, 54.004611, 55.323149, 57.503042, 66.74846, 70.428377, 70.428377, 71.171702, 78.978932, 78.978932, 78.978932, 78.978932, 78.978932, 80.637682, 80.637682, 80.637682, 80.637682, 80.792366, 80.792366, 82.182058, 82.182058, 82.182058, 82.182058, 82.231789, 82.231789, 82.231789, 82.231789, 82.231789, 82.231789, 82.231789, 82.061371, 82.061371, 84.369206, 84.369206, 84.369206, 84.369206, 84.369206, 84.369206, 82.59134, 82.59134, 80.48111, 81.199007, 81.199007, 81.199007, 84.82061, 84.82061, 84.82061, 84.82061, 84.82061, 85.772179, 85.772179, 85.772179, 85.772179, 85.772179, 85.772179, 85.772179, 84.82115, 84.521252, 84.521252, 84.521252, 84.521252, 83.294973, 83.294973, 84.894168, 84.894168, 84.894168, 84.894168, 84.894168, 83.923098, 86.485022, 86.485022, 86.485022, 86.485022, 87.297883, 87.297883, 87.297883, 87.297883, 87.297883, 86.726318, 86.726318, 88.149087, 88.149087, 88.149087, 88.149087, 88.636162, 88.636162, 88.636162, 88.636162, 88.636162, 86.089307, 86.089307, 86.089307, 86.089307, 86.476001, 86.476001, 86.959098, 86.959098, 86.959098, 86.959098, 86.756334, 86.756334, 85.986551, 86.463767, 88.199269, 88.199269, 88.199269, 88.199269, 88.950519, 88.950519, 89.370507, 89.370507, 89.370507, 86.895456, 87.267374, 88.817352, 88.817352, 88.817352, 88.975688, 88.975688, 88.975688, 88.696186, 88.696186, 88.364185, 88.21175, 89.243859, 89.243859, 89.243859, 88.760948, 88.760948, 88.760948, 88.357704, 88.357704, 87.53894, 89.421348, 89.421348, 89.421348, 88.897316, 88.897316, 88.138041, 87.114929, 87.114929, 88.819337, 88.819337, 88.819337, 88.524134, 88.745215, 88.745215, 88.745215], "mean_rewards": [-104.412937625, -104.412937625, -102.93373775, -102.93373775, -101.21288091666668, -101.21288091666668, -95.539491125, -86.79247355882353, -84.014220025, -84.41544928571427, -80.56888565306122, -76.06002738461538, -68.53745374576272, -56.93233871212121, -50.28049957746479, -42.8888885974026, -31.963950586206884, -23.70761586458333, -10.36661627, 11.083780389999998, 24.091274500000004, 42.39312131, 55.56243643999999, 61.541035980000004, 64.10983904999999, 66.05660946, 67.29122198, 67.78401849000001, 68.35158062, 68.18199736999999, 68.78605329000001, 68.46952418999999, 68.01151041, 68.10474320000002, 68.50373907, 68.82177068, 68.89102269000001, 68.71697891, 68.76388338999999, 69.69427187000001, 69.73241699999998, 69.93805031, 70.55401559, 70.79017468, 71.89929398999999, 71.71095214, 72.49070005, 72.79826287, 71.92622233999998, 71.96876925, 71.55939437, 70.86048632999999, 71.70712664999999, 70.49727654000002, 70.45977054000001, 71.35286621, 72.41946869999998, 72.25770261, 72.29327393, 72.59621349999999, 73.83889775, 73.40122713000001, 73.09461232, 73.18556308, 73.20425541, 73.09893628, 72.92113271, 72.7759355, 72.89806595, 73.05649343, 73.70275384, 73.79530752, 73.53676607, 73.38087216, 73.43653237000001, 73.06805516, 72.95728463, 73.83020833, 74.91873456, 75.07148439999999, 75.37855855, 76.13305879, 75.55050417, 75.6810614, 76.46048891000001, 76.60625292, 76.70290166000001, 77.12783275, 76.99504216999999, 76.36617464, 76.33702706, 76.41750374000002, 76.78093893, 76.86941204, 76.76557109, 76.91760965999998, 77.12840024999998, 76.84223839, 77.06437184, 76.46033781, 76.13306044999999, 76.38617558, 76.32420898000001, 76.60971683000001, 76.51236749, 76.70045719000001, 76.88123993, 76.96385251, 77.31157393999999, 76.97798747, 77.05594765999999, 77.65175070000001, 77.55437543, 77.47402335000001, 77.13125052999999, 76.91432031999999, 76.78321174000001, 76.88529232, 77.45289884, 77.36631388999999, 77.63139725, 77.57328993000002, 76.60674829999999, 76.53867493000001, 76.9401811, 77.15736209, 77.62833256, 77.54121377999999, 77.32284575, 77.61782527, 77.18299757000001, 77.58341938000001, 77.64380308999999, 77.90545062000001, 78.38246569, 77.79512759, 77.88815608, 78.31550822, 78.70827505999999, 79.3854762, 79.72574184, 78.54766624000001, 78.63912111, 78.63085464000001, 79.7300477, 79.58048953999999, 79.98035363, 79.42354599, 79.80333759999999, 79.09628566, 78.77435023000001, 78.64939561999999, 79.06990386000001, 80.41235369, 80.89319158, 80.795253, 80.578099, 80.37035866, 79.69133067],