{"min_rewards": [-111.053242, -111.053242, -111.053242, -111.053242, -111.053242, -111.053242, -111.053242, -111.053242, -111.053242, -111.053242, -111.053242, -111.053242, -111.053242, -111.053242, -111.053242, -111.053242, -111.053242, -111.053242, -110.209421, -104.390271, -102.185281, -99.249352, -94.13495, 9.628983, 9.628983, 40.512843, 41.155416, 45.66896, 50.17725, 50.17725, 50.17725, 40.504813, 40.504813, 40.504813, 40.504813, 40.504813, 40.504813, 40.504813, 49.319189, 55.201117, 56.197928, 54.802414, 54.802414, 50.963212, 50.963212, 50.963212, 50.963212, 50.963212, 50.963212, 53.177871, 53.177871, 45.823477, 45.823477, 45.823477, 45.823477, 45.823477, 45.823477, 45.823477, 50.679277, 50.679277, 59.297785, 59.297785, 59.297785, 59.297785, 59.389105, 56.669411, 56.669411, 54.1588, 54.1588, 54.1588, 54.1588, 54.1588, 54.1588, 56.099928, 56.099928, 52.475734, 52.475734, 52.475734, 52.475734, 52.475734, 52.475734, 61.106338, 61.106338, 61.053582, 61.053582, 61.053582, 61.053582, 61.053582, 63.724037, 63.26794, 63.26794, 63.26794, 62.269353, 62.269353, 62.269353, 62.269353, 63.169373, 64.362601, 64.242589, 63.354694, 62.681118, 62.681118, 62.580972, 62.580972, 55.75872, 55.75872, 55.75872, 55.75872, 66.064882], "max_rewards": [-97.442134, -97.442134, -96.764013, -96.764013, -88.199863, -88.199863, 41.588468, 54.004611, 54.004611, 54.004611, 54.004611, 54.004611, 54.004611, 55.323149, 57.503042, 66.74846, 70.428377, 70.428377, 71.171702, 78.978932, 78.978932, 78.978932, 78.978932, 78.978932, 80.637682, 80.637682, 80.637682, 80.637682, 80.792366, 80.792366, 82.182058, 82.182058, 82.182058, 82.182058, 82.231789, 82.231789, 82.231789, 82.231789, 82.231789, 82.231789, 82.231789, 82.061371, 82.061371, 84.369206, 84.369206, 84.369206, 84.369206, 84.369206, 84.369206, 82.59134, 82.59134, 80.48111, 81.199007, 81.199007, 81.199007, 84.82061, 84.82061, 84.82061, 84.82061, 84.82061, 85.772179, 85.772179, 85.772179, 85.772179, 85.772179, 85.772179, 85.772179, 84.82115, 84.521252, 84.521252, 84.521252, 84.521252, 83.294973, 83.294973, 84.894168, 84.894168, 84.894168, 84.894168, 84.894168, 83.923098, 86.485022, 86.485022, 86.485022, 86.485022, 87.297883, 87.297883, 87.297883, 87.297883, 87.297883, 86.726318, 86.726318, 88.149087, 88.149087, 88.149087, 88.149087, 88.636162, 88.636162, 88.636162, 88.636162, 88.636162, 86.089307, 86.089307, 86.089307, 86.089307, 86.476001, 86.476001, 86.959098, 86.959098, 86.959098], "mean_rewards": [-104.412937625, -104.412937625, -102.93373775, -102.93373775, -101.21288091666668, -101.21288091666668, -95.539491125, -86.79247355882353, -84.014220025, -84.41544928571427, -80.56888565306122, -76.06002738461538, -68.53745374576272, -56.93233871212121, -50.28049957746479, -42.8888885974026, -31.963950586206884, -23.70761586458333, -10.36661627, 11.083780389999998, 24.091274500000004, 42.39312131, 55.56243643999999, 61.541035980000004, 64.10983904999999, 66.05660946, 67.29122198, 67.78401849000001, 68.35158062, 68.18199736999999, 68.78605329000001, 68.46952418999999, 68.01151041, 68.10474320000002, 68.50373907, 68.82177068, 68.89102269000001, 68.71697891, 68.76388338999999, 69.69427187000001, 69.73241699999998, 69.93805031, 70.55401559, 70.79017468, 71.89929398999999, 71.71095214, 72.49070005, 72.79826287, 71.92622233999998, 71.96876925, 71.55939437, 70.86048632999999, 71.70712664999999, 70.49727654000002, 70.45977054000001, 71.35286621, 72.41946869999998, 72.25770261, 72.29327393, 72.59621349999999, 73.83889775, 73.40122713000001, 73.09461232, 73.18556308, 73.20425541, 73.09893628, 72.92113271, 72.7759355, 72.89806595, 73.05649343, 73.70275384, 73.79530752, 73.53676607, 73.38087216, 73.43653237000001, 73.06805516, 72.95728463, 73.83020833, 74.91873456, 75.07148439999999, 75.37855855, 76.13305879, 75.55050417, 75.6810614, 76.46048891000001, 76.60625292, 76.70290166000001, 77.12783275, 76.99504216999999, 76.36617464, 76.33702706, 76.41750374000002, 76.78093893, 76.86941204, 76.76557109, 76.91760965999998, 77.12840024999998, 76.84223839, 77.06437184, 76.46033781, 76.13306044999999, 76.38617558, 76.32420898000001, 76.60971683000001, 76.51236749, 76.70045719000001, 76.88123993, 76.96385251, 77.31157393999999], "median_rewards": [-104.064734, -104.064734, -102.056169, -102.056169, -100.8071465, -100.8071465, -98.97734249999999, -98.037668, -97.44765749999999, -97.2221345, -96.584884, -95.8867055, -94.699614, -93.9746885, -92.653413, -90.460678, -88.199863, 9.830677999999999, 31.151825000000002, 41.7610465, 51.748738, 57.7531585, 61.9901675, 63.7901595, 65.1885475, 66.6987595, 67.91161249999999, 68.31732099999999, 68.499877, 68.499877, 68.92187050000001, 68.92187050000001, 68.563475, 68.92187050000001, 69.0636035, 70.3957735, 70.269267, 70.38567950000001, 70.269267, 70.4337905, 70.6045825, 70.963452, 71.0004, 71.49179849999999, 72.8066825, 72.837598, 74.716758, 74.749106, 72.6617335, 72.9933375, 72.655054, 72.4901395, 72.95427749999999, 71.5862965, 71.5862965, 72.6641595, 73.77288899999999, 72.629288, 72.13594850000001, 72.340614, 73.71652399999999, 73.2544105, 72.9141915, 73.345507, 73.583778, 73.596402, 73.596402, 73.803283, 74.130777, 74.912528, 75.0409215, 75.067077, 74.7232585, 74.1674645, 74.1674645, 73.871214, 73.871214, 74.37958599999999, 76.3386975, 76.66014200000001, 76.667547, 76.6824955, 76.00968950000001, 76.3960855, 76.99571449999999, 77.6240305, 77.988709, 77.988709, 77.801479, 76.158038, 76.0407115, 75.8392795, 76.5867645, 76.5867645, 77.00056000000001, 77.77228199999999, 77.7198525, 77.56933000000001, 77.8259415, 77.30375000000001, 76.989636, 77.6633825, 77.2568915, 77.4190625, 77.866162, 77.7086085, 77.5712375, 77.5712375, 77.79237499999999], "nr_episodes": [12288, 16384, 20480, 24576, 28672, 32768, 36864, 40960, 45056, 49152, 53248, 57344, 61440, 65536, 69632, 73728, 77824, 81920, 86016, 90112, 94208, 98304, 102400, 106496, 110592, 114688, 118784, 122880, 126976, 131072, 135168, 139264, 143360, 147456, 151552, 155648, 159744, 163840, 167936, 172032, 176128, 180224, 184320, 188416, 192512, 196608, 200704, 204800, 208896, 212992, 217088, 221184, 225280, 229376, 233472, 237568, 241664, 245760, 249856, 253952, 258048, 262144, 266240, 270336, 274432, 278528, 282624, 286720, 290816, 294912, 299008, 303104, 307200, 311296, 315392, 319488, 323584, 327680, 331776, 335872, 339968, 344064, 348160, 352256, 356352, 360448, 364544, 368640, 372736, 376832, 380928, 385024, 389120, 393216, 397312, 401408, 405504, 409600, 413696, 417792, 421888, 425984, 430080, 434176, 438272, 442368, 446464, 450560, 454656],