{"min_rewards": [-111.053242, -111.053242, -111.053242, -111.053242, -111.053242, -111.053242, -111.053242, -111.053242, -111.053242, -111.053242, -111.053242, -111.053242, -111.053242, -111.053242, -111.053242, -111.053242, -111.053242, -111.053242, -110.209421], "max_rewards": [-97.442134, -97.442134, -96.764013, -96.764013, -88.199863, -88.199863, 41.588468, 54.004611, 54.004611, 54.004611, 54.004611, 54.004611, 54.004611, 55.323149, 57.503042, 66.74846, 70.428377, 70.428377, 71.171702], "mean_rewards": [-104.412937625, -104.412937625, -102.93373775, -102.93373775, -101.21288091666668, -101.21288091666668, -95.539491125, -86.79247355882353, -84.014220025, -84.41544928571427, -80.56888565306122, -76.06002738461538, -68.53745374576272, -56.93233871212121, -50.28049957746479, -42.8888885974026, -31.963950586206884, -23.70761586458333, -10.36661627], "median_rewards": [-104.064734, -104.064734, -102.056169, -102.056169, -100.8071465, -100.8071465, -98.97734249999999, -98.037668, -97.44765749999999, -97.2221345, -96.584884, -95.8867055, -94.699614, -93.9746885, -92.653413, -90.460678, -88.199863, 9.830677999999999, 31.151825000000002], "nr_episodes": [12288, 16384, 20480, 24576, 28672, 32768, 36864, 40960, 45056, 49152, 53248, 57344, 61440, 65536, 69632, 73728, 77824, 81920, 86016], "times": [2.031532049179077, 0.9630637168884277, 0.9510271549224854, 0.9463448524475098, 0.9627118110656738, 0.9610092639923096, 0.9575152397155762, 0.9450106620788574, 0.9450168609619141, 0.9735019207000732, 0.9723401069641113, 0.9554011821746826, 0.957756757736206, 0.9625027179718018, 0.9562623500823975, 0.945563793182373, 0.9471008777618408, 0.955397367477417, 0.9546988010406494], "num_total_steps": [12288, 16384, 20480, 24576, 28672, 32768, 36864, 40960, 45056, 49152, 53248, 57344, 61440, 65536, 69632, 73728, 77824, 81920, 86016]}