{"min_rewards": [-111.053242, -111.053242, -111.053242, -111.053242, -111.053242, -111.053242, -111.053242, -111.053242, -111.053242, -111.053242, -111.053242, -111.053242, -111.053242, -111.053242, -111.053242, -111.053242, -111.053242, -111.053242, -110.209421, -104.390271, -102.185281, -99.249352, -94.13495, 9.628983, 9.628983, 40.512843, 41.155416, 45.66896, 50.17725, 50.17725, 50.17725, 40.504813, 40.504813, 40.504813, 40.504813, 40.504813, 40.504813, 40.504813, 49.319189, 55.201117, 56.197928, 54.802414, 54.802414, 50.963212, 50.963212, 50.963212, 50.963212, 50.963212, 50.963212], "max_rewards": [-97.442134, -97.442134, -96.764013, -96.764013, -88.199863, -88.199863, 41.588468, 54.004611, 54.004611, 54.004611, 54.004611, 54.004611, 54.004611, 55.323149, 57.503042, 66.74846, 70.428377, 70.428377, 71.171702, 78.978932, 78.978932, 78.978932, 78.978932, 78.978932, 80.637682, 80.637682, 80.637682, 80.637682, 80.792366, 80.792366, 82.182058, 82.182058, 82.182058, 82.182058, 82.231789, 82.231789, 82.231789, 82.231789, 82.231789, 82.231789, 82.231789, 82.061371, 82.061371, 84.369206, 84.369206, 84.369206, 84.369206, 84.369206, 84.369206], "mean_rewards": [-104.412937625, -104.412937625, -102.93373775, -102.93373775, -101.21288091666668, -101.21288091666668, -95.539491125, -86.79247355882353, -84.014220025, -84.41544928571427, -80.56888565306122, -76.06002738461538, -68.53745374576272, -56.93233871212121, -50.28049957746479, -42.8888885974026, -31.963950586206884, -23.70761586458333, -10.36661627, 11.083780389999998, 24.091274500000004, 42.39312131, 55.56243643999999, 61.541035980000004, 64.10983904999999, 66.05660946, 67.29122198, 67.78401849000001, 68.35158062, 68.18199736999999, 68.78605329000001, 68.46952418999999, 68.01151041, 68.10474320000002, 68.50373907, 68.82177068, 68.89102269000001, 68.71697891, 68.76388338999999, 69.69427187000001, 69.73241699999998, 69.93805031, 70.55401559, 70.79017468, 71.89929398999999, 71.71095214, 72.49070005, 72.79826287, 71.92622233999998], "median_rewards": [-104.064734, -104.064734, -102.056169, -102.056169, -100.8071465, -100.8071465, -98.97734249999999, -98.037668, -97.44765749999999, -97.2221345, -96.584884, -95.8867055, -94.699614, -93.9746885, -92.653413, -90.460678, -88.199863, 9.830677999999999, 31.151825000000002, 41.7610465, 51.748738, 57.7531585, 61.9901675, 63.7901595, 65.1885475, 66.6987595, 67.91161249999999, 68.31732099999999, 68.499877, 68.499877, 68.92187050000001, 68.92187050000001, 68.563475, 68.92187050000001, 69.0636035, 70.3957735, 70.269267, 70.38567950000001, 70.269267, 70.4337905, 70.6045825, 70.963452, 71.0004, 71.49179849999999, 72.8066825, 72.837598, 74.716758, 74.749106, 72.6617335], "nr_episodes": [12288, 16384, 20480, 24576, 28672, 32768, 36864, 40960, 45056, 49152, 53248, 57344, 61440, 65536, 69632, 73728, 77824, 81920, 86016, 90112, 94208, 98304, 102400, 106496, 110592, 114688, 118784, 122880, 126976, 131072, 135168, 139264, 143360, 147456, 151552, 155648, 159744, 163840, 167936, 172032, 176128, 180224, 184320, 188416, 192512, 196608, 200704, 204800, 208896], "times": [2.031532049179077, 0.9630637168884277, 0.9510271549224854, 0.9463448524475098, 0.9627118110656738, 0.9610092639923096, 0.9575152397155762, 0.9450106620788574, 0.9450168609619141, 0.9735019207000732, 0.9723401069641113, 0.9554011821746826, 0.957756757736206, 0.9625027179718018, 0.9562623500823975, 0.945563793182373, 0.9471008777618408, 0.955397367477417, 0.9546988010406494, 0.9692776203155518, 0.9558384418487549, 0.9628214836120605, 0.9634337425231934, 0.9520547389984131, 0.9501817226409912, 0.9698905944824219, 0.9627673625946045, 0.9603610038757324, 0.9582157135009766, 0.980316162109375, 0.9667403697967529, 0.9633781909942627, 0.9442808628082275, 0.953284502029419, 0.9575371742248535, 0.973663330078125, 0.9665384292602539, 0.9524643421173096, 0.9593639373779297, 0.9757463932037354, 0.9636235237121582, 0.9631469249725342, 0.9706978797912598, 0.9530384540557861, 0.9576866626739502, 0.9527614116668701, 0.9531106948852539, 0.9592485427856445, 0.963505744934082], "num_total_steps": [12288, 16384, 20480, 24576, 28672, 32768, 36864, 40960, 45056, 49152, 53248, 57344, 61440, 65536, 69632, 73728, 77824, 81920, 86016, 90112, 94208, 98304, 102400, 106496, 110592, 114688, 118784, 122880, 126976, 131072, 135168, 139264, 143360, 147456, 151552, 155648, 159744, 163840, 167936, 172032, 176128, 180224, 184320, 188416, 192512, 196608, 200704, 204800, 208896]}