{"min_rewards": [10.0, 8.0, 8.0, 10.0, 9.0, 13.0, 14.0, 11.0, 11.0, 15.0], "max_rewards": [74.0, 62.0, 81.0, 97.0, 148.0, 132.0, 148.0, 200.0, 200.0, 200.0], "mean_rewards": [23.38, 23.81, 28.82, 31.52, 37.69, 46.54, 55.79, 60.45, 75.65, 91.35], "median_rewards": [20.0, 20.5, 25.5, 26.5, 31.0, 41.0, 49.0, 54.5, 67.0, 83.5], "nr_episodes": [8192, 12288, 16384, 20480, 24576, 28672, 32768, 36864, 40960, 45056], "times": [1.0701618194580078, 0.9591245651245117, 0.945655345916748, 0.9493558406829834, 0.9422886371612549, 0.941002368927002, 0.9420204162597656, 0.9468245506286621, 0.9465463161468506, 0.9574182033538818], "num_total_steps": [8192, 12288, 16384, 20480, 24576, 28672, 32768, 36864, 40960, 45056]}