{"min_rewards": [10.0, 8.0, 8.0, 10.0, 9.0, 13.0, 14.0, 11.0, 11.0, 15.0, 17.0, 17.0, 17.0, 17.0, 16.0, 16.0, 16.0, 16.0, 16.0, 139.0, 139.0, 139.0, 139.0, 139.0, 150.0, 150.0, 150.0, 150.0, 150.0, 173.0], "max_rewards": [74.0, 62.0, 81.0, 97.0, 148.0, 132.0, 148.0, 200.0, 200.0, 200.0, 200.0, 200.0, 200.0, 200.0, 200.0, 200.0, 200.0, 200.0, 200.0, 200.0, 200.0, 200.0, 200.0, 200.0, 200.0, 200.0, 200.0, 200.0, 200.0, 200.0], "mean_rewards": [23.38, 23.81, 28.82, 31.52, 37.69, 46.54, 55.79, 60.45, 75.65, 91.35, 105.3, 116.58, 133.0, 152.44, 163.75, 175.27, 186.08, 192.01, 196.83, 198.88, 198.88, 199.07, 199.17, 198.67, 198.75, 198.75, 198.65, 198.76, 199.09, 199.26], "median_rewards": [20.0, 20.5, 25.5, 26.5, 31.0, 41.0, 49.0, 54.5, 67.0, 83.5, 100.5, 117.0, 132.0, 175.5, 190.5, 200.0, 200.0, 200.0, 200.0, 200.0, 200.0, 200.0, 200.0, 200.0, 200.0, 200.0, 200.0, 200.0, 200.0, 200.0], "nr_episodes": [8192, 12288, 16384, 20480, 24576, 28672, 32768, 36864, 40960, 45056, 49152, 53248, 57344, 61440, 65536, 69632, 73728, 77824, 81920, 86016, 90112, 94208, 98304, 102400, 106496, 110592, 114688, 118784, 122880, 126976], "times": [1.0701618194580078, 0.9591245651245117, 0.945655345916748, 0.9493558406829834, 0.9422886371612549, 0.941002368927002, 0.9420204162597656, 0.9468245506286621, 0.9465463161468506, 0.9574182033538818, 0.9652574062347412, 0.9461238384246826, 0.9382297992706299, 0.9590497016906738, 0.9571273326873779, 0.9550247192382812, 0.9588594436645508, 0.9680700302124023, 0.9594714641571045, 0.9551434516906738, 0.9542069435119629, 0.9493913650512695, 0.9402604103088379, 0.9420497417449951, 0.9402954578399658, 0.9510231018066406, 0.960090160369873, 0.9504671096801758, 0.9435784816741943, 0.9440741539001465], "num_total_steps": [8192, 12288, 16384, 20480, 24576, 28672, 32768, 36864, 40960, 45056, 49152, 53248, 57344, 61440, 65536, 69632, 73728, 77824, 81920, 86016, 90112, 94208, 98304, 102400, 106496, 110592, 114688, 118784, 122880, 126976]}