{"min_rewards": [-1733.528384, -1733.528384, -1733.528384, -1756.712701, -1756.712701, -1820.978262, -1820.978262, -1820.978262, -1820.978262, -1820.978262], "max_rewards": [-880.046461, -771.785617, -771.785617, -771.785617, -771.785617, -771.785617, -776.304576, -776.304576, -776.304576, -874.976258], "mean_rewards": [-1095.4013541875, -1107.7451144499998, -1168.0371968035713, -1176.1505753249999, -1174.7081096770833, -1208.9484642599998, -1229.0189205599997, -1223.8541070699998, -1210.22961614, -1236.09400261], "median_rewards": [-1049.4365855, -1049.4365855, -1074.7451515, -1079.584048, -1079.584048, -1112.8576495, -1147.1290695, -1098.688994, -1096.6712455, -1128.1202355], "nr_episodes": [8192, 12288, 16384, 20480, 24576, 28672, 32768, 36864, 40960, 45056], "times": [1.5300073623657227, 1.1557831764221191, 1.100090742111206, 1.2007460594177246, 1.195899248123169, 1.2124261856079102, 1.1347906589508057, 1.2167251110076904, 1.1937100887298584, 1.143911361694336], "num_total_steps": [8192, 12288, 16384, 20480, 24576, 28672, 32768, 36864, 40960, 45056]}