{"min_rewards": [-1733.528384, -1733.528384, -1733.528384, -1756.712701, -1756.712701, -1820.978262, -1820.978262, -1820.978262, -1820.978262, -1820.978262, -1794.257394, -1794.257394, -1794.257394, -1794.257394, -1785.068311, -1785.068311, -1785.068311, -1785.068311, -1787.120144, -1820.629661], "max_rewards": [-880.046461, -771.785617, -771.785617, -771.785617, -771.785617, -771.785617, -776.304576, -776.304576, -776.304576, -874.976258, -874.976258, -874.976258, -874.976258, -874.976258, -874.003867, -874.003867, -874.003867, -874.003867, -890.353874, -890.353874], "mean_rewards": [-1095.4013541875, -1107.7451144499998, -1168.0371968035713, -1176.1505753249999, -1174.7081096770833, -1208.9484642599998, -1229.0189205599997, -1223.8541070699998, -1210.22961614, -1236.09400261, -1203.0596363599998, -1199.02133741, -1174.8923086700001, -1189.51202888, -1166.82749274, -1182.5439908199999, -1175.3420906300003, -1210.65253964, -1199.2247479, -1203.4482674600001], "median_rewards": [-1049.4365855, -1049.4365855, -1074.7451515, -1079.584048, -1079.584048, -1112.8576495, -1147.1290695, -1098.688994, -1096.6712455, -1128.1202355, -1099.4675750000001, -1092.328375, -1063.513055, -1076.932161, -1078.387991, -1088.173894, -1092.634408, -1122.9176255, -1110.0769145, -1107.9266445], "nr_episodes": [8192, 12288, 16384, 20480, 24576, 28672, 32768, 36864, 40960, 45056, 49152, 53248, 57344, 61440, 65536, 69632, 73728, 77824, 81920, 86016], "times": [1.5300073623657227, 1.1557831764221191, 1.100090742111206, 1.2007460594177246, 1.195899248123169, 1.2124261856079102, 1.1347906589508057, 1.2167251110076904, 1.1937100887298584, 1.143911361694336, 1.1712732315063477, 1.2925629615783691, 1.111429214477539, 1.1701264381408691, 1.191293478012085, 1.1928486824035645, 1.188152551651001, 1.2239065170288086, 1.1656787395477295, 1.2115192413330078], "num_total_steps": [8192, 12288, 16384, 20480, 24576, 28672, 32768, 36864, 40960, 45056, 49152, 53248, 57344, 61440, 65536, 69632, 73728, 77824, 81920, 86016]}