{"min_rewards": [-1733.528384, -1733.528384, -1733.528384, -1756.712701, -1756.712701, -1820.978262, -1820.978262, -1820.978262, -1820.978262, -1820.978262, -1794.257394, -1794.257394, -1794.257394, -1794.257394, -1785.068311, -1785.068311, -1785.068311, -1785.068311, -1787.120144, -1820.629661, -1820.629661, -1820.629661, -1820.629661, -1820.629661, -1773.384082, -1773.384082, -1773.384082, -1778.30515, -1778.30515, -1778.30515, -1778.30515, -1778.30515, -1717.208182, -1717.208182, -1717.208182, -1717.208182, -1712.877977, -1712.877977, -1682.794675, -1723.014613, -1723.014613, -1723.014613, -1804.413892, -1804.413892, -1804.413892, -1804.413892, -1804.413892, -1804.413892, -1728.51503, -1728.51503, -1728.51503, -1721.682002, -1721.682002, -1721.682002, -1721.682002, -1721.682002, -1686.909106, -1686.909106, -1686.909106, -1686.909106, -1658.478922, -1746.683374, -1746.683374, -1746.683374, -1746.683374, -1746.683374, -1744.1512, -1744.1512, -1716.067598, -1716.067598], "max_rewards": [-880.046461, -771.785617, -771.785617, -771.785617, -771.785617, -771.785617, -776.304576, -776.304576, -776.304576, -874.976258, -874.976258, -874.976258, -874.976258, -874.976258, -874.003867, -874.003867, -874.003867, -874.003867, -890.353874, -890.353874, -890.353874, -890.353874, -890.353874, -895.749094, -895.749094, -893.43352, -886.670498, -886.670498, -841.486705, -841.486705, -781.409415, -781.409415, -744.089276, -744.089276, -744.089276, -744.089276, -744.089276, -879.292126, -879.292126, -879.292126, -879.292126, -870.866538, -870.866538, -870.866538, -861.283976, -861.283976, -855.075455, -778.731011, -778.731011, -778.731011, -778.731011, -899.883258, -899.883258, -899.883258, -904.830657, -904.830657, -952.802751, -952.802751, -952.802751, -973.463299, -964.955323, -964.955323, -964.955323, -964.955323, -951.25315, -951.25315, -951.25315, -951.25315, -947.231475, -947.231475], "mean_rewards": [-1095.4013541875, -1107.7451144499998, -1168.0371968035713, -1176.1505753249999, -1174.7081096770833, -1208.9484642599998, -1229.0189205599997, -1223.8541070699998, -1210.22961614, -1236.09400261, -1203.0596363599998, -1199.02133741, -1174.8923086700001, -1189.51202888, -1166.82749274, -1182.5439908199999, -1175.3420906300003, -1210.65253964, -1199.2247479, -1203.4482674600001, -1180.66785492, -1192.1229390400001, -1170.68475599, -1194.4117886700003, -1202.0869254899999, -1193.59629391, -1207.2409086500002, -1203.3755436, -1171.5036646, -1174.20366546, -1166.1664855400002, -1160.12408365, -1147.29848729, -1149.8751978300002, -1160.7462878699998, -1193.3739659700002, -1198.76078381, -1212.25340682, -1208.41245274, -1208.90891879, -1200.88214378, -1184.07471803, -1189.85421451, -1203.3055948499998, -1187.0391545200002, -1195.69397218, -1166.4901715, -1169.20969722, -1141.78030044, -1153.14801633, -1161.4952394, -1204.3176587599999, -1193.5848991899998, -1197.0689344399998, -1197.619847, -1198.50315967, -1184.20893873, -1193.25757285, -1190.02832004, -1190.9352609900002, -1190.0312092499998, -1199.72220619, -1193.45017017, -1204.76955756, -1208.2211126500001, -1210.09798409, -1203.54560592, -1202.60984946, -1186.5434234699999, -1192.86871926], "median_rewards": [-1049.4365855, -1049.4365855, -1074.7451515, -1079.584048, -1079.584048, -1112.8576495, -1147.1290695, -1098.688994, -1096.6712455, -1128.1202355, -1099.4675750000001, -1092.328375, -1063.513055, -1076.932161, -1078.387991, -1088.173894, -1092.634408, -1122.9176255, -1110.0769145, -1107.9266445, -1097.3695155, -1095.7162725, -1086.859771, -1099.174866, -1103.818189, -1103.818189, -1108.377211, -1101.1264245, -1091.068609, -1092.75497, -1095.415426, -1100.1528705, -1093.3271570000002, -1103.3766715000002, -1117.7426355, -1152.4580375, -1152.4580375, -1155.2278815, -1153.7374645, -1155.209528, -1145.014498, -1137.619204, -1139.965459, -1150.3809569999999, -1130.301998, -1130.301998, -1115.6444095, -1116.3441425, -1114.7287805, -1121.7657115, -1132.7590435, -1159.792433, -1153.107728, -1155.369842, -1157.8646885, -1159.271941, -1159.271941, -1162.2136695, -1164.483415, -1164.3847605, -1153.2295330000002, -1170.599059, -1168.1952234999999, -1172.615323, -1175.0270785, -1178.929507, -1178.929507, -1176.0464445, -1167.9391135, -1162.96294], "nr_episodes": [8192, 12288, 16384, 20480, 24576, 28672, 32768, 36864, 40960, 45056, 49152, 53248, 57344, 61440, 65536, 69632, 73728, 77824, 81920, 86016, 90112, 94208, 98304, 102400, 106496, 110592, 114688, 118784, 122880, 126976, 131072, 135168, 139264, 143360, 147456, 151552, 155648, 159744, 163840, 167936, 172032, 176128, 180224, 184320, 188416, 192512, 196608, 200704, 204800, 208896, 212992, 217088, 221184, 225280, 229376, 233472, 237568, 241664, 245760, 249856, 253952, 258048, 262144, 266240, 270336, 274432, 278528, 282624, 286720, 290816], "times": [1.5300073623657227, 1.1557831764221191, 1.100090742111206, 1.2007460594177246, 1.195899248123169, 1.2124261856079102, 1.1347906589508057, 1.2167251110076904, 1.1937100887298584, 1.143911361694336, 1.1712732315063477, 1.2925629615783691, 1.111429214477539, 1.1701264381408691, 1.191293478012085, 1.1928486824035645, 1.188152551651001, 1.2239065170288086, 1.1656787395477295, 1.2115192413330078, 1.249485731124878, 1.2661781311035156, 1.257786750793457, 1.2921433448791504, 1.2459115982055664, 1.2284362316131592, 1.0749003887176514, 1.084944486618042, 1.0759789943695068, 1.0650606155395508, 1.1008148193359375, 1.1541671752929688, 1.162935733795166, 1.1077220439910889, 1.2065608501434326, 1.0953419208526611, 1.1267905235290527, 1.1365666389465332, 1.1326615810394287, 1.2423696517944336, 1.2361581325531006, 1.0988612174987793, 1.2532150745391846, 1.0941684246063232, 1.1471123695373535, 1.257106065750122, 1.291475534439087, 1.1851320266723633, 1.271697998046875, 1.0519564151763916, 1.0572779178619385, 1.1167364120483398, 1.1275849342346191, 1.0479135513305664, 1.1268856525421143, 1.0529553890228271, 1.0574004650115967, 1.2805016040802002, 1.184553623199463, 1.053307294845581, 1.1002156734466553, 1.1031560897827148, 1.2157957553863525, 1.1688387393951416, 1.0464355945587158, 1.1471540927886963, 1.0584993362426758, 1.0534336566925049, 1.1271388530731201, 1.052328109741211], "num_total_steps": [8192, 12288, 16384, 20480, 24576, 28672, 32768, 36864, 40960, 45056, 49152, 53248, 57344, 61440, 65536, 69632, 73728, 77824, 81920, 86016, 90112, 94208, 98304, 102400, 106496, 110592, 114688, 118784, 122880, 126976, 131072, 135168, 139264, 143360, 147456, 151552, 155648, 159744, 163840, 167936, 172032, 176128, 180224, 184320, 188416, 192512, 196608, 200704, 204800, 208896, 212992, 217088, 221184, 225280, 229376, 233472, 237568, 241664, 245760, 249856, 253952, 258048, 262144, 266240, 270336, 274432, 278528, 282624, 286720, 290816]}