{"min_rewards": [9.0, 11.0, 9.0, 9.0, 11.0, 12.0, 11.0, 12.0, 12.0, 13.0], "max_rewards": [63.0, 78.0, 96.0, 120.0, 169.0, 137.0, 186.0, 200.0, 200.0, 200.0], "mean_rewards": [21.67, 25.4, 27.52, 35.99, 39.7, 44.36, 54.78, 66.79, 79.43, 95.3], "median_rewards": [18.0, 22.0, 22.0, 30.0, 30.0, 36.5, 47.5, 58.5, 71.0, 93.5], "nr_episodes": [8192, 12288, 16384, 20480, 24576, 28672, 32768, 36864, 40960, 45056], "times": [1.087421178817749, 0.952141284942627, 0.967045783996582, 0.9463763236999512, 0.9500534534454346, 0.959359884262085, 0.9462699890136719, 0.9500422477722168, 0.949113130569458, 0.9614179134368896], "num_total_steps": [8192, 12288, 16384, 20480, 24576, 28672, 32768, 36864, 40960, 45056]}