{"min_rewards": [-112.928927, -112.928927, -112.928927, -112.928927, -112.928927, -112.928927, -112.928927, -112.928927, -112.928927], "max_rewards": [43.577046, 53.962769, 53.962769, 53.962769, 53.962769, 53.962769, 53.962769, 72.901805, 72.901805], "mean_rewards": [-42.672484875, -34.248415727272736, -35.46451776470589, -27.878762571428577, -27.67337869230769, -25.4518251, -14.940506216216216, -5.44540854347826, 5.542520285714285], "median_rewards": [-55.3572925, -8.028667, -8.028667, 18.375072, 17.931517499999998, 16.121465999999998, 19.536196, 25.4714325, 29.78784], "nr_episodes": [12288, 16384, 20480, 24576, 28672, 32768, 36864, 40960, 45056], "times": [2.0390655994415283, 0.9509885311126709, 0.9596011638641357, 0.9568917751312256, 0.9656081199645996, 0.9713418483734131, 0.9564764499664307, 0.9581468105316162, 0.9695916175842285], "num_total_steps": [12288, 16384, 20480, 24576, 28672, 32768, 36864, 40960, 45056]}