{"min_rewards": [-112.928927, -112.928927, -112.928927, -112.928927, -112.928927, -112.928927, -112.928927, -112.928927, -112.928927, -112.928927, -112.928927, -112.928927, -112.928927, -108.221098, -104.173587, -100.313099, 25.21981, 25.21981, 25.21981, 33.700108, 33.700108, 33.700108, 33.700108, 39.469781, 39.469781, 39.469781, 39.469781, 39.780762, 39.780762, 43.772435, 43.772435, 43.772435, 43.772435, 43.772435, 57.190639, 57.190639, 57.393916, 57.535598, 53.102398, 53.102398, 53.102398, 41.659068, 41.659068, 41.659068, 41.659068, 41.659068, 41.659068, 45.713189, 51.688671, 51.688671, 55.105295, 57.283205, 57.283205, 57.283205, 49.309278, 49.309278, 49.309278, 49.309278, 49.309278, 49.309278, 57.03931, 57.03931, 57.03931, 57.03931, 57.03931, 59.695417, 60.670514, 60.670514, 60.670514, 60.670514, 60.2186, 60.2186, 60.2186, 60.2186, 60.2186, 63.122038, 63.122038, 63.122038, 64.827174, 65.128277, 61.856428, 59.494998, 59.494998, 59.494998, 59.494998, 66.651944, 64.747887, 64.747887, 64.747887, 64.747887, 64.747887, 65.637712, 65.637712, 65.637712, 68.602296, 66.763305, 66.763305, 66.763305, 66.763305, 70.763702, 70.698141, 68.166869, 65.63962, 65.63962, 65.256124, 65.256124, 65.256124, 65.256124, 67.922657, 66.981383, 65.70522, 65.70522, 65.70522, 65.70522, 66.860225, 66.860225, 67.273977, 67.273977, 67.273977, 68.627086, 68.627086, 68.710672, 67.99597, 67.99597, 64.996527, 64.996527, 63.175196, 63.175196, 63.175196, 66.500235, 66.701386, 66.701386, 68.172697, 65.520244, 65.520244, 65.520244, 60.272031, 60.272031, 60.272031], "max_rewards": [43.577046, 53.962769, 53.962769, 53.962769, 53.962769, 53.962769, 53.962769, 72.901805, 72.901805, 72.901805, 74.743499, 76.892054, 76.892054, 76.892054, 79.455714, 79.455714, 79.455714, 79.455714, 79.455714, 82.587748, 82.587748, 83.286667, 83.286667, 83.286667, 83.286667, 83.286667, 83.286667, 83.286667, 84.763054, 84.763054, 84.763054, 84.763054, 84.763054, 84.763054, 84.763054, 82.192703, 81.469909, 81.469909, 81.469909, 81.469909, 80.514524, 82.545458, 82.545458, 82.545458, 82.545458, 82.706118, 82.706118, 83.232225, 83.232225, 83.232225, 83.664216, 87.175587, 87.175587, 87.175587, 87.175587, 87.175587, 87.175587, 86.775782, 86.775782, 86.775782, 85.33102, 84.898033, 84.526174, 84.526174, 84.701885, 85.174447, 85.614397, 85.614397, 85.614397, 85.614397, 85.890825, 85.890825, 85.890825, 85.890825, 85.890825, 84.816518, 86.407356, 86.407356, 86.407356, 86.407356, 86.407356, 85.949298, 89.689142, 89.689142, 89.689142, 89.689142, 87.151752, 87.151752, 87.151752, 86.452007, 86.499035, 86.499035, 87.712958, 89.056441, 89.210089, 89.210089, 90.167372, 90.167372, 90.167372, 90.167372, 89.761408, 89.761408, 88.221175, 88.717583, 88.717583, 88.717583, 89.099718, 91.030391, 91.030391, 91.030391, 89.970124, 89.970124, 88.474355, 88.474355, 89.607592, 89.607592, 89.607592, 89.607592, 88.259392, 89.005977, 89.005977, 89.020467, 89.020467, 89.331915, 89.331915, 89.331915, 89.331915, 89.054041, 90.127487, 90.127487, 90.127487, 89.024789, 89.024789, 89.215663, 89.215663, 89.215663, 88.533168, 88.618263, 88.618263], "mean_rewards": [-42.672484875, -34.248415727272736, -35.46451776470589, -27.878762571428577, -27.67337869230769, -25.4518251, -14.940506216216216, -5.44540854347826, 5.542520285714285, 13.894218439393939, 19.768691960526315, 25.90893247191011, 29.8794773030303, 41.28530927, 54.5512987, 60.17928997999999, 62.91319081, 64.1817504, 64.97046479999999, 66.45064065, 66.98779154, 67.44441078000001, 66.95174706, 67.82103355, 68.52334785, 68.54476371000001, 68.11879666, 67.94541643000001, 67.82550644000001, 68.4374729, 69.08086288999999, 69.70062744, 70.04129753000001, 70.60253618, 71.72635092, 71.57139092999999, 71.7246835, 71.62108024, 71.45903774, 71.66548614, 71.14700279, 70.87026205000001, 71.13188777, 71.21627251, 71.18381302, 71.39551191999999, 71.73563369000001, 72.11952722999999, 72.10384610999999, 72.15922139, 72.61904942, 73.01526817, 73.29350662, 73.32588799000001, 73.90103108000001, 73.85543872000001, 74.23582375, 74.0481998, 73.9419193, 73.84154153, 74.07391469000001, 73.99645056, 74.23527168000001, 74.58757858, 75.20055384, 75.58733701999999, 75.87271678, 75.94025708999999, 75.92870067000001, 76.22218219, 76.6977672, 77.22792014, 77.48172955, 77.43502647, 77.04891191, 77.0093709, 76.41207775, 76.68160864, 77.33761516, 77.28624972, 77.5818398, 77.49186757999999, 77.80162491, 77.80365959, 77.71910358999999, 78.10741678000001, 78.34205234999999, 78.70979587, 78.87644840000002, 78.55803771, 78.46949797, 78.28288450999999, 78.28271981, 78.45210389, 78.81996189, 78.6966999, 78.51497838999998, 78.49278769, 78.86300287, 78.91891004, 78.97825574, 78.61862171, 77.8563949, 77.43556986, 77.42066126, 77.89249963, 77.85883596999999, 78.58739683, 78.66062061999999, 78.75591294, 78.52535867, 78.25544226999999, 78.32855412, 78.74644337, 78.84389291000001, 78.64541143, 78.87450881000001, 78.66993106, 78.29856243, 77.82667563, 77.7873265, 78.21507149, 79.17551343, 79.74498866, 79.72992407, 80.16984666999998, 79.93757798, 80.22654063, 79.66510426999999, 80.15061148000001, 79.96425068999999, 80.26599741999999, 80.11272127, 79.97044234, 79.77596412999998, 80.26488907, 79.53036180999999, 80.05805963, 79.75648273], "median_rewards": [-55.3572925, -8.028667, -8.028667, 18.375072, 17.931517499999998, 16.121465999999998, 19.536196, 25.4714325, 29.78784, 37.842942, 40.831767, 46.187352, 49.31289, 57.1231535, 60.751994499999995, 64.32809850000001, 65.2327155, 65.72614, 66.32074650000001, 66.693884, 68.101018, 68.41225299999999, 68.444709, 68.6449075, 69.816609, 69.816609, 69.17419699999999, 69.1540095, 69.082582, 68.93801500000001, 70.33740750000001, 71.1646265, 70.7779165, 71.26263449999999, 71.9449615, 71.9449615, 72.21086349999999, 71.9449615, 72.198921, 72.6742335, 72.198921, 71.88951750000001, 72.50927949999999, 72.617683, 72.8206755, 73.65472349999999, 73.799304, 73.799304, 73.57763399999999, 73.69449499999999, 73.82862499999999, 73.909468, 73.909468, 73.99004, 74.299892, 74.3992655, 74.736318, 74.965233, 75.131554, 75.2404875, 75.39738, 74.842387, 75.27809099999999, 75.20297149999999, 75.3803315, 75.4789005, 75.9735555, 76.17125300000001, 76.47554650000001, 76.70663049999999, 77.248621, 77.88079099999999, 78.1350545, 78.1350545, 78.0619345, 77.59781050000001, 77.09876750000001, 77.404668, 77.713368, 77.713368, 78.14810800000001, 78.49709, 79.112731, 78.734735, 77.870776, 78.187596, 78.5400575, 78.60526899999999, 78.5435965, 78.33075550000001, 78.41241500000001, 78.41241500000001, 78.5967155, 78.7062655, 78.7062655, 78.520421, 77.95632850000001, 78.13873000000001, 78.7718325, 78.7718325, 79.14096699999999, 78.725529, 78.281968, 77.197998, 76.66707, 77.093785, 77.2397785, 78.345259, 78.60446350000001, 78.680279, 78.680279, 78.2469275, 78.164183, 78.3807925, 77.93739450000001, 78.00094949999999, 78.345405, 78.2069635, 77.649003, 77.08536649999999, 77.1030795, 77.17954750000001, 77.700129, 79.177725, 78.7848925, 79.827722, 79.5649145, 80.670929, 79.276342, 80.671547, 80.363974, 81.957131, 81.58051900000001, 81.63086100000001, 81.06828200000001, 82.062151, 81.245733, 82.6483085, 82.425878],