{"min_rewards": [-112.928927, -112.928927, -112.928927, -112.928927, -112.928927, -112.928927, -112.928927, -112.928927, -112.928927, -112.928927, -112.928927, -112.928927, -112.928927, -108.221098, -104.173587, -100.313099, 25.21981, 25.21981, 25.21981], "max_rewards": [43.577046, 53.962769, 53.962769, 53.962769, 53.962769, 53.962769, 53.962769, 72.901805, 72.901805, 72.901805, 74.743499, 76.892054, 76.892054, 76.892054, 79.455714, 79.455714, 79.455714, 79.455714, 79.455714], "mean_rewards": [-42.672484875, -34.248415727272736, -35.46451776470589, -27.878762571428577, -27.67337869230769, -25.4518251, -14.940506216216216, -5.44540854347826, 5.542520285714285, 13.894218439393939, 19.768691960526315, 25.90893247191011, 29.8794773030303, 41.28530927, 54.5512987, 60.17928997999999, 62.91319081, 64.1817504, 64.97046479999999], "median_rewards": [-55.3572925, -8.028667, -8.028667, 18.375072, 17.931517499999998, 16.121465999999998, 19.536196, 25.4714325, 29.78784, 37.842942, 40.831767, 46.187352, 49.31289, 57.1231535, 60.751994499999995, 64.32809850000001, 65.2327155, 65.72614, 66.32074650000001], "nr_episodes": [12288, 16384, 20480, 24576, 28672, 32768, 36864, 40960, 45056, 49152, 53248, 57344, 61440, 65536, 69632, 73728, 77824, 81920, 86016], "times": [2.0390655994415283, 0.9509885311126709, 0.9596011638641357, 0.9568917751312256, 0.9656081199645996, 0.9713418483734131, 0.9564764499664307, 0.9581468105316162, 0.9695916175842285, 0.9776780605316162, 0.9688360691070557, 0.9682636260986328, 0.966559648513794, 0.9761097431182861, 0.9719116687774658, 0.9580752849578857, 0.9527363777160645, 0.9674162864685059, 0.9716892242431641], "num_total_steps": [12288, 16384, 20480, 24576, 28672, 32768, 36864, 40960, 45056, 49152, 53248, 57344, 61440, 65536, 69632, 73728, 77824, 81920, 86016]}