{"min_rewards": [-112.928927, -112.928927, -112.928927, -112.928927, -112.928927, -112.928927, -112.928927, -112.928927, -112.928927, -112.928927, -112.928927, -112.928927, -112.928927, -108.221098, -104.173587, -100.313099, 25.21981, 25.21981, 25.21981, 33.700108, 33.700108, 33.700108, 33.700108, 39.469781, 39.469781, 39.469781, 39.469781, 39.780762, 39.780762, 43.772435, 43.772435, 43.772435, 43.772435, 43.772435, 57.190639, 57.190639, 57.393916, 57.535598, 53.102398, 53.102398, 53.102398, 41.659068, 41.659068, 41.659068, 41.659068, 41.659068, 41.659068, 45.713189, 51.688671, 51.688671, 55.105295, 57.283205, 57.283205, 57.283205, 49.309278, 49.309278, 49.309278, 49.309278, 49.309278], "max_rewards": [43.577046, 53.962769, 53.962769, 53.962769, 53.962769, 53.962769, 53.962769, 72.901805, 72.901805, 72.901805, 74.743499, 76.892054, 76.892054, 76.892054, 79.455714, 79.455714, 79.455714, 79.455714, 79.455714, 82.587748, 82.587748, 83.286667, 83.286667, 83.286667, 83.286667, 83.286667, 83.286667, 83.286667, 84.763054, 84.763054, 84.763054, 84.763054, 84.763054, 84.763054, 84.763054, 82.192703, 81.469909, 81.469909, 81.469909, 81.469909, 80.514524, 82.545458, 82.545458, 82.545458, 82.545458, 82.706118, 82.706118, 83.232225, 83.232225, 83.232225, 83.664216, 87.175587, 87.175587, 87.175587, 87.175587, 87.175587, 87.175587, 86.775782, 86.775782], "mean_rewards": [-42.672484875, -34.248415727272736, -35.46451776470589, -27.878762571428577, -27.67337869230769, -25.4518251, -14.940506216216216, -5.44540854347826, 5.542520285714285, 13.894218439393939, 19.768691960526315, 25.90893247191011, 29.8794773030303, 41.28530927, 54.5512987, 60.17928997999999, 62.91319081, 64.1817504, 64.97046479999999, 66.45064065, 66.98779154, 67.44441078000001, 66.95174706, 67.82103355, 68.52334785, 68.54476371000001, 68.11879666, 67.94541643000001, 67.82550644000001, 68.4374729, 69.08086288999999, 69.70062744, 70.04129753000001, 70.60253618, 71.72635092, 71.57139092999999, 71.7246835, 71.62108024, 71.45903774, 71.66548614, 71.14700279, 70.87026205000001, 71.13188777, 71.21627251, 71.18381302, 71.39551191999999, 71.73563369000001, 72.11952722999999, 72.10384610999999, 72.15922139, 72.61904942, 73.01526817, 73.29350662, 73.32588799000001, 73.90103108000001, 73.85543872000001, 74.23582375, 74.0481998, 73.9419193], "median_rewards": [-55.3572925, -8.028667, -8.028667, 18.375072, 17.931517499999998, 16.121465999999998, 19.536196, 25.4714325, 29.78784, 37.842942, 40.831767, 46.187352, 49.31289, 57.1231535, 60.751994499999995, 64.32809850000001, 65.2327155, 65.72614, 66.32074650000001, 66.693884, 68.101018, 68.41225299999999, 68.444709, 68.6449075, 69.816609, 69.816609, 69.17419699999999, 69.1540095, 69.082582, 68.93801500000001, 70.33740750000001, 71.1646265, 70.7779165, 71.26263449999999, 71.9449615, 71.9449615, 72.21086349999999, 71.9449615, 72.198921, 72.6742335, 72.198921, 71.88951750000001, 72.50927949999999, 72.617683, 72.8206755, 73.65472349999999, 73.799304, 73.799304, 73.57763399999999, 73.69449499999999, 73.82862499999999, 73.909468, 73.909468, 73.99004, 74.299892, 74.3992655, 74.736318, 74.965233, 75.131554], "nr_episodes": [12288, 16384, 20480, 24576, 28672, 32768, 36864, 40960, 45056, 49152, 53248, 57344, 61440, 65536, 69632, 73728, 77824, 81920, 86016, 90112, 94208, 98304, 102400, 106496, 110592, 114688, 118784, 122880, 126976, 131072, 135168, 139264, 143360, 147456, 151552, 155648, 159744, 163840, 167936, 172032, 176128, 180224, 184320, 188416, 192512, 196608, 200704, 204800, 208896, 212992, 217088, 221184, 225280, 229376, 233472, 237568, 241664, 245760, 249856], "times": [2.0390655994415283, 0.9509885311126709, 0.9596011638641357, 0.9568917751312256, 0.9656081199645996, 0.9713418483734131, 0.9564764499664307, 0.9581468105316162, 0.9695916175842285, 0.9776780605316162, 0.9688360691070557, 0.9682636260986328, 0.966559648513794, 0.9761097431182861, 0.9719116687774658, 0.9580752849578857, 0.9527363777160645, 0.9674162864685059, 0.9716892242431641, 0.9852690696716309, 0.9647104740142822, 0.9699239730834961, 0.9599740505218506, 0.9765605926513672, 0.9772727489471436, 0.9767179489135742, 0.9789285659790039, 0.9615790843963623, 0.9619617462158203, 0.9651219844818115, 0.9614965915679932, 0.9717071056365967, 0.9663515090942383, 0.9573647975921631, 0.9768433570861816, 0.965388298034668, 0.9678187370300293, 0.9725644588470459, 0.9766747951507568, 0.9815425872802734, 0.9694967269897461, 0.9577839374542236, 0.9455883502960205, 0.9559807777404785, 0.9564242362976074, 0.9549481868743896, 0.9578158855438232, 0.9675319194793701, 0.9716141223907471, 0.9749584197998047, 0.967747688293457, 0.9739768505096436, 0.9607419967651367, 0.9679553508758545, 0.964489221572876, 0.9790060520172119, 0.9735572338104248, 0.9809420108795166, 0.980201005935669], "num_total_steps": [12288, 16384, 20480, 24576, 28672, 32768, 36864, 40960, 45056, 49152, 53248, 57344, 61440, 65536, 69632, 73728, 77824, 81920, 86016, 90112, 94208, 98304, 102400, 106496, 110592, 114688, 118784, 122880, 126976, 131072, 135168, 139264, 143360, 147456, 151552, 155648, 159744, 163840, 167936, 172032, 176128, 180224, 184320, 188416, 192512, 196608, 200704, 204800, 208896, 212992, 217088, 221184, 225280, 229376, 233472, 237568, 241664, 245760, 249856]}