{"min_rewards": [-500.0, -500.0, -500.0, -500.0, -500.0, -500.0, -500.0, -500.0, -500.0, -500.0, -500.0, -500.0, -500.0, -500.0, -500.0, -500.0, -500.0, -500.0, -500.0, -500.0, -500.0, -500.0, -500.0, -354.0, -303.0, -288.0, -252.0, -252.0, -486.0, -486.0, -486.0, -486.0, -398.0, -398.0, -211.0, -216.0, -255.0, -255.0, -255.0, -185.0, -185.0, -185.0, -182.0, -237.0, -237.0, -237.0, -191.0, -181.0, -229.0, -229.0, -229.0, -213.0, -213.0, -500.0, -500.0, -500.0, -300.0, -232.0, -234.0, -234.0, -208.0, -240.0, -240.0, -241.0, -241.0, -234.0, -234.0, -226.0, -226.0, -226.0, -181.0, -249.0, -256.0, -256.0, -256.0, -381.0, -381.0, -381.0, -233.0, -214.0, -231.0, -231.0, -368.0, -368.0, -266.0, -266.0, -233.0, -200.0, -200.0, -209.0, -209.0, -301.0, -301.0, -301.0, -274.0, -500.0, -500.0, -500.0, -254.0, -254.0, -254.0, -202.0, -173.0, -173.0, -215.0, -215.0, -500.0, -500.0, -500.0, -500.0, -150.0, -244.0, -244.0, -197.0, -500.0, -500.0, -256.0, -256.0, -180.0, -156.0, -156.0, -289.0, -289.0, -250.0, -500.0, -500.0, -181.0, -205.0, -257.0, -302.0, -302.0, -256.0, -235.0, -500.0, -500.0, -225.0, -209.0, -195.0, -267.0, -267.0, -267.0, -234.0, -234.0, -218.0, -224.0, -224.0, -158.0, -293.0, -293.0, -226.0], "max_rewards": [-500.0, -500.0, -500.0, -500.0, -500.0, -500.0, -500.0, -500.0, -500.0, -320.0, -320.0, -320.0, -308.0, -234.0, -234.0, -234.0, -234.0, -188.0, -171.0, -148.0, -148.0, -114.0, -114.0, -114.0, -114.0, -107.0, -106.0, -93.0, -93.0, -93.0, -93.0, -93.0, -93.0, -79.0, -78.0, -73.0, -73.0, -73.0, -84.0, -82.0, -82.0, -69.0, -69.0, -69.0, -71.0, -71.0, -75.0, -68.0, -68.0, -63.0, -63.0, -63.0, -64.0, -64.0, -65.0, -65.0, -65.0, -70.0, -74.0, -70.0, -70.0, -70.0, -75.0, -63.0, -63.0, -63.0, -63.0, -72.0, -69.0, -69.0, -69.0, -71.0, -68.0, -68.0, -62.0, -62.0, -62.0, -62.0, -62.0, -69.0, -67.0, -67.0, -68.0, -63.0, -63.0, -63.0, -65.0, -63.0, -63.0, -62.0, -62.0, -64.0, -64.0, -62.0, -61.0, -61.0, -62.0, -62.0, -62.0, -63.0, -63.0, -63.0, -66.0, -64.0, -63.0, -63.0, -61.0, -61.0, -61.0, -61.0, -61.0, -61.0, -62.0, -61.0, -61.0, -62.0, -61.0, -61.0, -62.0, -62.0, -62.0, -62.0, -61.0, -61.0, -61.0, -62.0, -62.0, -63.0, -63.0, -63.0, -63.0, -67.0, -63.0, -61.0, -61.0, -62.0, -62.0, -61.0, -61.0, -61.0, -63.0, -63.0, -63.0, -62.0, -62.0, -61.0, -61.0, -61.0, -62.0, -61.0], "mean_rewards": [-500.0, -500.0, -500.0, -500.0, -500.0, -500.0, -500.0, -500.0, -500.0, -497.75, -497.95454545454544, -497.0416666666667, -494.32, -489.58, -482.22, -471.72, -455.7, -424.3, -389.6, -344.86, -296.6, -252.43, -214.96, -189.59, -173.6, -165.3, -157.79, -148.84, -149.52, -143.57, -141.69, -141.49, -133.87, -129.93, -121.28, -118.1, -117.87, -117.1, -115.79, -112.28, -110.42, -106.55, -105.03, -107.26, -108.57, -108.0, -106.48, -102.2, -100.52, -98.36, -98.44, -97.84, -99.05, -106.31, -109.04, -109.55, -105.55, -103.89, -105.01, -103.88, -98.02, -99.08, -99.06, -101.78, -101.11, -101.51, -98.93, -99.28, -98.28, -97.95, -95.08, -99.66, -101.79, -98.99, -100.0, -105.72, -101.28, -99.85, -96.17, -95.06, -93.96, -94.45, -97.93, -100.53, -93.46, -96.76, -94.69, -91.94, -92.64, -92.67, -93.57, -97.48, -99.55, -98.11, -95.68, -101.48, -102.77, -99.81, -90.26, -92.64, -94.99, -90.72, -91.29, -89.66, -88.39, -89.3, -92.0, -91.14, -93.25, -95.15, -91.07, -93.36, -94.68, -90.88, -95.22, -96.36, -93.53, -91.7, -89.92, -88.82, -89.34, -89.91, -88.53, -89.67, -94.86, -94.07, -87.06, -92.8, -95.32, -94.69, -98.49, -96.24, -92.22, -93.96, -98.1, -92.93, -89.01, -90.23, -92.61, -91.32, -89.95, -90.66, -94.38, -91.96, -92.29, -91.68, -87.5, -90.66, -93.21, -92.95], "median_rewards": [-500.0, -500.0, -500.0, -500.0, -500.0, -500.0, -500.0, -500.0, -500.0, -500.0, -500.0, -500.0, -500.0, -500.0, -500.0, -500.0, -500.0, -492.5, -409.5, -323.5, -269.0, -236.5, -205.5, -175.0, -164.5, -159.0, -150.0, -142.0, -139.0, -136.5, -132.0, -131.0, -128.0, -126.5, -121.0, -116.0, -113.0, -114.5, -111.5, -109.0, -107.5, -103.0, -101.0, -100.0, -100.5, -98.0, -98.0, -96.0, -95.5, -96.5, -96.0, -93.5, -92.0, -96.0, -97.5, -99.0, -95.5, -93.5, -96.5, -97.5, -96.0, -95.0, -93.0, -93.0, -93.0, -93.5, -95.0, -96.0, -95.5, -94.0, -92.5, -93.0, -94.0, -92.5, -93.0, -94.5, -91.0, -89.5, -91.0, -90.0, -88.0, -88.0, -88.5, -91.0, -90.5, -92.0, -90.0, -87.5, -89.0, -89.0, -89.0, -91.0, -92.0, -90.0, -89.5, -89.0, -88.0, -88.0, -86.0, -85.0, -87.5, -86.5, -87.0, -87.0, -85.5, -84.0, -85.0, -84.5, -87.0, -88.0, -87.5, -87.0, -90.0, -90.0, -87.0, -85.0, -85.0, -85.0, -86.5, -86.0, -86.5, -85.0, -85.5, -85.5, -85.0, -85.5, -84.5, -86.0, -86.0, -86.5, -88.0, -88.0, -88.0, -85.0, -88.5, -88.5, -85.0, -86.0, -85.0, -83.5, -84.0, -84.0, -86.5, -87.0, -87.0, -88.5, -88.0, -86.5, -86.0, -86.0], "nr_episodes": [8192, 12288, 16384, 20480, 24576, 28672, 32768, 36864, 40960, 45056, 49152, 53248, 57344, 61440, 65536, 69632, 73728, 77824, 81920, 86016, 90112, 94208, 98304, 102400, 106496, 110592, 114688, 118784, 122880, 126976, 131072, 135168, 139264, 143360, 147456, 151552, 155648, 159744, 163840, 167936, 172032, 176128, 180224, 184320, 188416, 192512, 196608, 200704, 204800, 208896, 212992, 217088, 221184, 225280, 229376, 233472, 237568, 241664, 245760, 249856, 253952, 258048, 262144, 266240, 270336, 274432, 278528, 282624, 286720, 290816, 294912, 299008, 303104, 307200, 311296, 315392, 319488, 323584, 327680, 331776, 335872, 339968, 344064, 348160, 352256, 356352, 360448, 364544, 368640, 372736, 376832, 380928, 385024, 389120, 393216, 397312, 401408, 405504, 409600, 413696, 417792, 421888, 425984, 430080, 434176, 438272, 442368, 446464, 450560, 454656, 458752, 462848, 466944, 471040, 475136, 479232, 483328, 487424, 491520, 495616, 499712, 503808, 507904, 512000, 516096, 520192, 524288, 528384, 532480, 536576, 540672, 544768, 548864, 552960, 557056, 561152, 565248, 569344, 573440, 577536, 581632, 585728, 589824, 593920, 598016, 602112, 606208, 610304, 614400, 618496],