{"min_rewards": [-500.0, -500.0, -500.0, -500.0, -500.0, -500.0, -500.0, -500.0, -500.0, -500.0, -500.0, -500.0, -500.0, -500.0, -500.0, -500.0, -500.0, -500.0, -500.0, -500.0], "max_rewards": [-500.0, -500.0, -500.0, -500.0, -500.0, -500.0, -500.0, -500.0, -500.0, -320.0, -320.0, -320.0, -308.0, -234.0, -234.0, -234.0, -234.0, -188.0, -171.0, -148.0], "mean_rewards": [-500.0, -500.0, -500.0, -500.0, -500.0, -500.0, -500.0, -500.0, -500.0, -497.75, -497.95454545454544, -497.0416666666667, -494.32, -489.58, -482.22, -471.72, -455.7, -424.3, -389.6, -344.86], "median_rewards": [-500.0, -500.0, -500.0, -500.0, -500.0, -500.0, -500.0, -500.0, -500.0, -500.0, -500.0, -500.0, -500.0, -500.0, -500.0, -500.0, -500.0, -492.5, -409.5, -323.5], "nr_episodes": [8192, 12288, 16384, 20480, 24576, 28672, 32768, 36864, 40960, 45056, 49152, 53248, 57344, 61440, 65536, 69632, 73728, 77824, 81920, 86016], "times": [1.3187506198883057, 1.1614925861358643, 1.4761321544647217, 1.4096229076385498, 1.2931270599365234, 1.3429300785064697, 1.297631025314331, 1.289330244064331, 1.222987413406372, 1.2534093856811523, 1.2279393672943115, 1.2382254600524902, 1.270334243774414, 1.3132290840148926, 1.281625747680664, 1.1823821067810059, 1.1805145740509033, 1.190439224243164, 1.299168348312378, 1.2804300785064697], "num_total_steps": [8192, 12288, 16384, 20480, 24576, 28672, 32768, 36864, 40960, 45056, 49152, 53248, 57344, 61440, 65536, 69632, 73728, 77824, 81920, 86016]}