{"min_rewards": [-500.0, -500.0, -500.0, -500.0, -500.0, -500.0, -500.0, -500.0, -500.0, -500.0, -500.0, -500.0, -500.0, -500.0, -500.0, -500.0, -500.0, -500.0, -500.0, -500.0, -500.0, -500.0, -500.0, -354.0, -303.0, -288.0, -252.0, -252.0, -486.0, -486.0, -486.0, -486.0, -398.0, -398.0, -211.0, -216.0, -255.0, -255.0, -255.0, -185.0, -185.0, -185.0, -182.0, -237.0, -237.0, -237.0, -191.0, -181.0, -229.0, -229.0, -229.0, -213.0, -213.0, -500.0, -500.0, -500.0, -300.0, -232.0, -234.0, -234.0], "max_rewards": [-500.0, -500.0, -500.0, -500.0, -500.0, -500.0, -500.0, -500.0, -500.0, -320.0, -320.0, -320.0, -308.0, -234.0, -234.0, -234.0, -234.0, -188.0, -171.0, -148.0, -148.0, -114.0, -114.0, -114.0, -114.0, -107.0, -106.0, -93.0, -93.0, -93.0, -93.0, -93.0, -93.0, -79.0, -78.0, -73.0, -73.0, -73.0, -84.0, -82.0, -82.0, -69.0, -69.0, -69.0, -71.0, -71.0, -75.0, -68.0, -68.0, -63.0, -63.0, -63.0, -64.0, -64.0, -65.0, -65.0, -65.0, -70.0, -74.0, -70.0], "mean_rewards": [-500.0, -500.0, -500.0, -500.0, -500.0, -500.0, -500.0, -500.0, -500.0, -497.75, -497.95454545454544, -497.0416666666667, -494.32, -489.58, -482.22, -471.72, -455.7, -424.3, -389.6, -344.86, -296.6, -252.43, -214.96, -189.59, -173.6, -165.3, -157.79, -148.84, -149.52, -143.57, -141.69, -141.49, -133.87, -129.93, -121.28, -118.1, -117.87, -117.1, -115.79, -112.28, -110.42, -106.55, -105.03, -107.26, -108.57, -108.0, -106.48, -102.2, -100.52, -98.36, -98.44, -97.84, -99.05, -106.31, -109.04, -109.55, -105.55, -103.89, -105.01, -103.88], "median_rewards": [-500.0, -500.0, -500.0, -500.0, -500.0, -500.0, -500.0, -500.0, -500.0, -500.0, -500.0, -500.0, -500.0, -500.0, -500.0, -500.0, -500.0, -492.5, -409.5, -323.5, -269.0, -236.5, -205.5, -175.0, -164.5, -159.0, -150.0, -142.0, -139.0, -136.5, -132.0, -131.0, -128.0, -126.5, -121.0, -116.0, -113.0, -114.5, -111.5, -109.0, -107.5, -103.0, -101.0, -100.0, -100.5, -98.0, -98.0, -96.0, -95.5, -96.5, -96.0, -93.5, -92.0, -96.0, -97.5, -99.0, -95.5, -93.5, -96.5, -97.5], "nr_episodes": [8192, 12288, 16384, 20480, 24576, 28672, 32768, 36864, 40960, 45056, 49152, 53248, 57344, 61440, 65536, 69632, 73728, 77824, 81920, 86016, 90112, 94208, 98304, 102400, 106496, 110592, 114688, 118784, 122880, 126976, 131072, 135168, 139264, 143360, 147456, 151552, 155648, 159744, 163840, 167936, 172032, 176128, 180224, 184320, 188416, 192512, 196608, 200704, 204800, 208896, 212992, 217088, 221184, 225280, 229376, 233472, 237568, 241664, 245760, 249856], "times": [1.3187506198883057, 1.1614925861358643, 1.4761321544647217, 1.4096229076385498, 1.2931270599365234, 1.3429300785064697, 1.297631025314331, 1.289330244064331, 1.222987413406372, 1.2534093856811523, 1.2279393672943115, 1.2382254600524902, 1.270334243774414, 1.3132290840148926, 1.281625747680664, 1.1823821067810059, 1.1805145740509033, 1.190439224243164, 1.299168348312378, 1.2804300785064697, 1.2016541957855225, 1.1789801120758057, 1.1891751289367676, 1.1593427658081055, 1.2266016006469727, 1.1671655178070068, 1.2754602432250977, 1.1896393299102783, 1.328366756439209, 1.290107011795044, 1.1837689876556396, 1.31370210647583, 1.2700188159942627, 1.2233250141143799, 1.382946252822876, 1.4774835109710693, 1.2329487800598145, 1.1506874561309814, 1.1437773704528809, 1.2887647151947021, 1.3434157371520996, 1.2507259845733643, 1.3140983581542969, 1.3736870288848877, 1.31551194190979, 1.3459975719451904, 1.3692400455474854, 1.4598455429077148, 1.3026378154754639, 1.4330737590789795, 1.8045258522033691, 1.5985217094421387, 1.2024240493774414, 1.265237808227539, 1.275557041168213, 1.2088913917541504, 1.2789862155914307, 1.236109972000122, 1.2354090213775635, 1.1906347274780273], "num_total_steps": [8192, 12288, 16384, 20480, 24576, 28672, 32768, 36864, 40960, 45056, 49152, 53248, 57344, 61440, 65536, 69632, 73728, 77824, 81920, 86016, 90112, 94208, 98304, 102400, 106496, 110592, 114688, 118784, 122880, 126976, 131072, 135168, 139264, 143360, 147456, 151552, 155648, 159744, 163840, 167936, 172032, 176128, 180224, 184320, 188416, 192512, 196608, 200704, 204800, 208896, 212992, 217088, 221184, 225280, 229376, 233472, 237568, 241664, 245760, 249856]}