{"min_rewards": [-1176.37589, -1481.140804, -1555.836235, -1555.836235, -1555.836235, -1579.524938, -1579.524938, -1660.163346, -1660.163346, -1660.163346, -1660.163346, -1660.163346, -1736.226112, -1736.226112, -1736.226112, -1736.226112, -1736.226112, -1677.622564, -1677.622564, -1677.622564, -1663.336985, -1663.336985, -1663.336985, -1731.620851, -1731.620851, -1735.516525, -1735.516525, -1735.516525, -1735.516525, -1735.516525, -1531.912375, -1610.388806, -1610.388806, -1610.388806, -1662.842106, -1662.842106, -1714.437869, -1714.437869, -1714.437869, -1714.437869, -1714.437869, -1569.984162, -1697.90813, -1697.90813, -1697.90813, -1697.90813, -1697.90813, -1621.491487, -1494.329156, -1558.667657, -1558.667657, -1806.338606, -1806.338606, -1806.338606, -1806.338606, -1806.338606, -1685.717043, -1685.717043, -1685.717043, -1685.717043, -1552.03198, -1544.519911, -1483.570729, -1483.570729, -1483.570729, -1700.056994, -1700.056994, -1700.056994, -1700.056994, -1811.815228, -1811.815228, -1811.815228, -1811.815228, -1727.198445, -1727.198445, -1727.198445, -1727.198445, -1727.198445, -1528.854101, -1575.016092, -1575.016092, -1575.016092, -1575.016092, -1780.939767, -1780.939767, -1780.939767, -1780.939767, -1582.453554, -1681.980156, -1681.980156, -1681.980156, -1681.980156, -1548.490968, -1548.490968, -1548.490968, -1548.490968, -1548.490968, -1613.075138], "max_rewards": [-751.025018, -751.025018, -751.025018, -751.025018, -751.025018, -842.825384, -769.071093, -769.071093, -761.438828, -761.438828, -761.438828, -761.438828, -878.331736, -871.649234, -871.649234, -871.649234, -871.649234, -865.809827, -798.529712, -798.529712, -798.529712, -798.529712, -798.529712, -834.464564, -866.696102, -781.743906, -773.87938, -773.87938, -753.922103, -753.922103, -753.922103, -753.922103, -753.922103, -760.024306, -746.38522, -746.38522, -746.38522, -746.38522, -746.38522, -838.341724, -767.187765, -767.187765, -767.187765, -767.187765, -767.187765, -765.690378, -765.690378, -765.690378, -765.690378, -765.690378, -788.386264, -788.386264, -788.386264, -788.386264, -788.386264, -849.105554, -855.460147, -847.293666, -796.07754, -796.07754, -796.07754, -796.07754, -796.07754, -741.4879, -741.4879, -677.679038, -677.679038, -677.679038, -677.679038, -677.679038, -829.08633, -829.08633, -829.08633, -747.474762, -747.474762, -747.474762, -747.474762, -747.474762, -856.881091, -856.881091, -856.881091, -856.881091, -872.962802, -757.474014, -757.474014, -757.474014, -757.474014, -757.474014, -757.474014, -856.320378, -865.994523, -788.400243, -788.400243, -788.400243, -788.400243, -788.400243, -832.400286, -828.950467], "mean_rewards": [-983.4184235624999, -1001.9182892499999, -1037.2971633392858, -1045.6053902625001, -1050.6270027395833, -1083.48353636, -1102.30501141, -1102.64630637, -1102.8774354099999, -1111.54114417, -1086.80253708, -1091.78618074, -1092.03048823, -1094.6327574700001, -1082.65245613, -1093.1080753200001, -1082.48784352, -1089.39830949, -1093.22973946, -1083.74437129, -1073.7179041099998, -1081.1256578599998, -1068.0384695199998, -1074.5161895600002, -1071.1823127300001, -1066.5407827299998, -1071.68650521, -1061.98743879, -1054.57288484, -1048.07619124, -1048.8365243300002, -1053.5634569000001, -1044.99726623, -1041.9670164699999, -1043.71708928, -1048.7397323, -1040.70223581, -1050.9980816, -1058.1001113400002, -1058.54202307, -1058.47741334, -1058.7472671300002, -1055.58789984, -1063.04319091, -1043.11650965, -1050.27097092, -1032.84707916, -1035.71409935, -1028.8805929500002, -1038.6900529000002, -1043.2456431800001, -1053.89465273, -1039.4709838800002, -1045.2502075199998, -1049.99484366, -1048.26188305, -1050.0310506900003, -1066.61948274, -1058.40547517, -1052.5686341699998, -1054.8185505000001, -1057.50151686, -1052.89862952, -1051.18939979, -1052.1115565700002, -1056.82020689, -1044.4637251000001, -1049.46979693, -1045.84652092, -1059.79346203, -1048.92919059, -1049.89740456, -1054.12172316, -1051.58375348, -1041.6367780199998, -1051.03254073, -1060.40513887, -1066.87060036, -1068.48866777, -1083.09610916, -1084.7542197999999, -1086.1186621599998, -1090.16937142, -1074.53155399, -1074.8428414, -1067.0625859000002, -1056.8092241600002, -1038.9450858500002, -1058.16483743, -1067.3498568100001, -1064.7021957900001, -1051.4301366900002, -1050.65554562, -1049.0483758599999, -1059.0452126100001, -1059.44792085, -1066.89320251, -1057.90487387], "median_rewards": [-1005.9626485, -1001.5701509999999, -1011.1753365, -1009.802945, -1009.802945, -1021.376827, -1059.016682, -1025.7434025, -1060.2295905, -1062.6727919999998, -1025.0109069999999, -1022.3651775000001, -1023.8442265, -1023.885576, -1022.634574, -1025.477542, -1025.477542, -1022.890532, -1020.714243, -1005.2102755, -1005.2102755, -1011.9989965, -998.7466205000001, -1018.28841, -1007.18145, -1007.18145, -1005.6199535000001, -1009.2305615, -1008.129774, -1010.4750855, -1010.3297494999999, -1017.5124825, -1009.4539035, -1009.4539035, -1009.446276, -1015.083498, -1007.183881, -1015.083498, -1015.083498, -1016.7299849999999, -1014.047, -1014.047, -1005.4769435000001, -1008.4972695, -995.9716229999999, -995.9716229999999, -989.8309525, -997.6759975, -997.6759975, -1000.5331920000001, -1002.8520530000001, -999.3394255000001, -991.3880650000001, -1002.7410205, -999.46873, -991.9784905, -996.0090245, -999.217175, -995.3390764999999, -996.5527135, -1002.5979844999999, -1012.3522780000001, -1010.5293545, -1011.0164605, -1011.4457285, -1014.54404, -1010.179374, -1012.7770755, -1015.607623, -1021.5314484999999, -1012.1236815, -1009.487975, -1010.9948764999999, -1002.5788355, -997.2285265, -1000.5778295, -1003.0863155, -1010.4264885, -1015.230198, -1024.7794225, -1025.247875, -1025.833185, -1052.7194605, -1028.0641985000002, -1045.9393089999999, -1028.0641985000002, -1024.905097, -1003.9197775, -1015.1270645, -1003.9197775, -1002.5444580000001, -1002.2987674999999, -1007.2499485000001, -1007.8907815, -1012.634993, -1007.659232, -1007.9813935, -997.7226425], "nr_episodes": [8192, 12288, 16384, 20480, 24576, 28672, 32768, 36864, 40960, 45056, 49152, 53248, 57344, 61440, 65536, 69632, 73728, 77824, 81920, 86016, 90112, 94208, 98304, 102400, 106496, 110592, 114688, 118784, 122880, 126976, 131072, 135168, 139264, 143360, 147456, 151552, 155648, 159744, 163840, 167936, 172032, 176128, 180224, 184320, 188416, 192512, 196608, 200704, 204800, 208896, 212992, 217088, 221184, 225280, 229376, 233472, 237568, 241664, 245760, 249856, 253952, 258048, 262144, 266240, 270336, 274432, 278528, 282624, 286720, 290816, 294912, 299008, 303104, 307200, 311296, 315392, 319488, 323584, 327680, 331776, 335872, 339968, 344064, 348160, 352256, 356352, 360448, 364544, 368640, 372736, 376832, 380928, 385024, 389120, 393216, 397312, 401408, 405504],