{"min_rewards": [-500.0, -500.0, -500.0, -500.0, -500.0, -500.0, -500.0, -500.0, -500.0, -500.0, -500.0, -500.0, -500.0, -500.0, -500.0, -500.0, -500.0, -500.0, -500.0, -500.0], "max_rewards": [-500.0, -500.0, -500.0, -500.0, -462.0, -462.0, -462.0, -462.0, -455.0, -363.0, -343.0, -331.0, -309.0, -247.0, -198.0, -186.0, -186.0, -186.0, -186.0, -137.0], "mean_rewards": [-500.0, -500.0, -500.0, -500.0, -499.05, -498.7708333333333, -498.94642857142856, -499.078125, -498.55555555555554, -496.9625, -493.47727272727275, -491.3020833333333, -486.29, -479.13, -453.01, -415.47, -387.43, -350.78, -322.29, -276.24], "median_rewards": [-500.0, -500.0, -500.0, -500.0, -500.0, -500.0, -500.0, -500.0, -500.0, -500.0, -500.0, -500.0, -500.0, -500.0, -500.0, -500.0, -407.0, -319.0, -304.0, -258.5], "nr_episodes": [8192, 12288, 16384, 20480, 24576, 28672, 32768, 36864, 40960, 45056, 49152, 53248, 57344, 61440, 65536, 69632, 73728, 77824, 81920, 86016], "times": [1.1878321170806885, 1.0850067138671875, 1.0998344421386719, 1.1142122745513916, 1.080613613128662, 1.0749995708465576, 1.0760173797607422, 1.0731499195098877, 1.084362268447876, 1.0702810287475586, 1.0890600681304932, 1.0790455341339111, 1.068173885345459, 1.064054012298584, 1.066673755645752, 1.058924913406372, 1.0714523792266846, 1.0723519325256348, 1.069354772567749, 1.0780622959136963], "num_total_steps": [8192, 12288, 16384, 20480, 24576, 28672, 32768, 36864, 40960, 45056, 49152, 53248, 57344, 61440, 65536, 69632, 73728, 77824, 81920, 86016]}