{"min_rewards": [-500.0, -500.0, -500.0, -500.0, -500.0, -500.0, -500.0, -500.0, -500.0, -500.0, -500.0, -500.0, -500.0, -500.0, -500.0, -500.0, -500.0, -500.0, -500.0, -500.0, -500.0, -500.0, -500.0, -500.0, -262.0, -255.0, -255.0, -217.0, -330.0, -330.0, -330.0, -330.0, -500.0, -500.0, -500.0, -322.0, -201.0, -201.0, -201.0, -193.0, -497.0, -497.0, -497.0, -214.0, -253.0, -254.0, -254.0, -500.0, -500.0, -500.0, -500.0, -275.0, -275.0, -272.0, -186.0, -186.0, -186.0, -358.0, -358.0, -273.0, -500.0, -500.0, -500.0, -212.0, -168.0, -282.0, -483.0, -483.0, -483.0, -188.0, -188.0, -251.0, -251.0, -254.0, -254.0, -254.0, -500.0, -500.0, -500.0, -199.0], "max_rewards": [-500.0, -500.0, -500.0, -500.0, -462.0, -462.0, -462.0, -462.0, -455.0, -363.0, -343.0, -331.0, -309.0, -247.0, -198.0, -186.0, -186.0, -186.0, -186.0, -137.0, -137.0, -121.0, -100.0, -89.0, -89.0, -89.0, -89.0, -88.0, -88.0, -87.0, -87.0, -87.0, -87.0, -83.0, -83.0, -75.0, -75.0, -75.0, -79.0, -79.0, -79.0, -77.0, -77.0, -77.0, -81.0, -77.0, -77.0, -77.0, -80.0, -79.0, -73.0, -73.0, -74.0, -74.0, -72.0, -72.0, -68.0, -66.0, -66.0, -73.0, -73.0, -64.0, -64.0, -64.0, -68.0, -71.0, -71.0, -68.0, -68.0, -70.0, -62.0, -62.0, -63.0, -63.0, -63.0, -64.0, -65.0, -62.0, -62.0, -71.0], "mean_rewards": [-500.0, -500.0, -500.0, -500.0, -499.05, -498.7708333333333, -498.94642857142856, -499.078125, -498.55555555555554, -496.9625, -493.47727272727275, -491.3020833333333, -486.29, -479.13, -453.01, -415.47, -387.43, -350.78, -322.29, -276.24, -253.06, -230.25, -199.73, -175.89, -156.61, -144.11, -139.72, -131.28, -130.49, -128.19, -131.45, -133.66, -138.12, -136.23, -129.45, -119.88, -114.18, -114.17, -114.39, -113.34, -117.09, -118.93, -117.69, -110.11, -110.44, -113.09, -111.21, -111.53, -114.07, -113.68, -110.89, -104.25, -105.04, -103.81, -102.26, -103.48, -98.82, -101.53, -106.34, -102.16, -106.46, -104.34, -102.14, -98.3, -98.77, -98.09, -102.87, -101.62, -100.21, -93.8, -95.0, -94.21, -95.54, -94.49, -92.44, -95.58, -100.08, -96.23, -94.35, -93.65], "median_rewards": [-500.0, -500.0, -500.0, -500.0, -500.0, -500.0, -500.0, -500.0, -500.0, -500.0, -500.0, -500.0, -500.0, -500.0, -500.0, -500.0, -407.0, -319.0, -304.0, -258.5, -237.0, -218.5, -189.0, -169.5, -149.5, -139.5, -132.5, -128.0, -126.0, -124.5, -126.0, -126.5, -123.0, -118.0, -115.0, -110.0, -109.0, -109.0, -110.5, -111.0, -110.5, -110.0, -107.5, -106.0, -106.0, -107.0, -106.5, -105.0, -104.0, -102.0, -102.0, -99.0, -98.0, -99.0, -100.0, -100.5, -95.0, -93.5, -95.5, -92.5, -95.5, -95.5, -93.0, -92.0, -95.0, -92.0, -92.0, -93.0, -94.0, -88.0, -89.5, -89.0, -89.5, -89.0, -88.0, -88.0, -89.0, -88.0, -87.0, -87.5], "nr_episodes": [8192, 12288, 16384, 20480, 24576, 28672, 32768, 36864, 40960, 45056, 49152, 53248, 57344, 61440, 65536, 69632, 73728, 77824, 81920, 86016, 90112, 94208, 98304, 102400, 106496, 110592, 114688, 118784, 122880, 126976, 131072, 135168, 139264, 143360, 147456, 151552, 155648, 159744, 163840, 167936, 172032, 176128, 180224, 184320, 188416, 192512, 196608, 200704, 204800, 208896, 212992, 217088, 221184, 225280, 229376, 233472, 237568, 241664, 245760, 249856, 253952, 258048, 262144, 266240, 270336, 274432, 278528, 282624, 286720, 290816, 294912, 299008, 303104, 307200, 311296, 315392, 319488, 323584, 327680, 331776], "times": [1.1878321170806885, 1.0850067138671875, 1.0998344421386719, 1.1142122745513916, 1.080613613128662, 1.0749995708465576, 1.0760173797607422, 1.0731499195098877, 1.084362268447876, 1.0702810287475586, 1.0890600681304932, 1.0790455341339111, 1.068173885345459, 1.064054012298584, 1.066673755645752, 1.058924913406372, 1.0714523792266846, 1.0723519325256348, 1.069354772567749, 1.0780622959136963, 1.0713105201721191, 1.0631961822509766, 1.0718326568603516, 1.0716862678527832, 1.073669195175171, 1.0776581764221191, 1.0772089958190918, 1.0579299926757812, 1.080270528793335, 1.0740222930908203, 1.0833854675292969, 1.0706508159637451, 1.0763609409332275, 1.083580732345581, 1.0788099765777588, 1.0780742168426514, 1.063878059387207, 1.0595197677612305, 1.0685982704162598, 1.074143409729004, 1.0647671222686768, 1.0631873607635498, 1.0821046829223633, 1.078606367111206, 1.0859894752502441, 1.0720999240875244, 1.074296474456787, 1.0719730854034424, 1.0763020515441895, 1.074110507965088, 1.0651397705078125, 1.0695784091949463, 1.0758755207061768, 1.0760102272033691, 1.0747416019439697, 1.0842225551605225, 1.0761547088623047, 1.0827405452728271, 1.074791431427002, 1.0850498676300049, 1.0835087299346924, 1.0783946514129639, 1.0703771114349365, 1.1012482643127441, 1.0820777416229248, 1.0929145812988281, 1.0620667934417725, 1.0759589672088623, 1.0718059539794922, 1.062514066696167, 1.0859088897705078, 1.1137373447418213, 1.0974845886230469, 1.0828635692596436, 1.0647857189178467, 1.0778183937072754, 1.0702564716339111, 1.079838752746582, 1.0799508094787598, 1.0706965923309326], "num_total_steps": [8192, 12288, 16384, 20480, 24576, 28672, 32768, 36864, 40960, 45056, 49152, 53248, 57344, 61440, 65536, 69632, 73728, 77824, 81920, 86016, 90112, 94208, 98304, 102400, 106496, 110592, 114688, 118784, 122880, 126976, 131072, 135168, 139264, 143360, 147456, 151552, 155648, 159744, 163840, 167936, 172032, 176128, 180224, 184320, 188416, 192512, 196608, 200704, 204800, 208896, 212992, 217088, 221184, 225280, 229376, 233472, 237568, 241664, 245760, 249856, 253952, 258048, 262144, 266240, 270336, 274432, 278528, 282624, 286720, 290816, 294912, 299008, 303104, 307200, 311296, 315392, 319488, 323584, 327680, 331776]}