{"min_rewards": [-1685.225594, -1808.619656, -1824.314846, -1878.713291, -1878.713291, -1878.713291, -1878.713291, -1878.713291, -1815.044826, -1815.044826, -1787.36812, -1767.436627, -1767.436627, -1848.871314, -1848.871314, -1848.871314, -1848.871314, -1848.871314, -1802.571443, -1802.571443, -1802.571443, -1801.796276, -1801.796276, -1814.262292, -1814.262292, -1814.262292, -1814.262292, -1781.43777, -1660.794079, -1660.794079, -1748.675005, -1748.675005, -1776.297034, -1788.054099, -1788.054099, -1788.054099, -1788.054099, -1788.054099, -1733.859528, -1748.969064, -1857.409041, -1857.409041, -1857.409041, -1857.409041, -1811.197809, -1811.197809, -1873.178551, -1873.178551, -1873.178551, -1873.178551, -1873.178551, -1758.998669, -1809.770728, -1809.770728, -1809.770728, -1809.770728, -1809.770728, -1800.784769, -1800.784769, -1800.784769, -1800.784769, -1800.784769, -1775.276943, -1775.276943, -1775.276943, -1775.276943, -1767.047941, -1767.047941, -1767.047941, -1767.047941, -1767.047941, -1753.921496, -1753.921496, -1769.222408, -1799.814941, -1799.814941, -1839.160628, -1839.160628, -1839.160628, -1839.160628, -1827.149349, -1827.149349, -1827.149349, -1827.149349, -1749.998684, -1749.998684, -1749.998684, -1749.998684, -1750.01143, -1750.01143, -1750.01143, -1822.857233, -1822.857233, -1822.857233, -1822.857233, -1822.857233, -1659.421871, -1798.66219, -1798.66219, -1850.525158, -1850.525158, -1850.525158, -1850.525158, -1850.525158, -1708.717313, -1708.717313, -1826.46066, -1826.46066, -1826.46066, -1826.46066, -1779.733081, -1779.733081, -1779.733081, -1791.53239, -1791.53239, -1791.53239, -1791.53239, -1791.53239, -1577.4679, -1659.922639], "max_rewards": [-854.455077, -772.665145, -754.9973, -754.9973, -754.9973, -754.9973, -754.9973, -752.415356, -752.415356, -752.415356, -752.415356, -752.415356, -761.557245, -787.42993, -751.529532, -751.529532, -751.529532, -751.529532, -798.154197, -765.954596, -755.996061, -743.266827, -743.266827, -743.266827, -743.266827, -743.266827, -748.312577, -646.486532, -646.486532, -646.486532, -646.486532, -646.486532, -794.172951, -794.172951, -794.172951, -814.484999, -855.45953, -855.45953, -855.45953, -746.307585, -746.307585, -746.307585, -746.307585, -746.307585, -773.958677, -773.958677, -773.958677, -891.012528, -900.070518, -901.263558, -901.263558, -906.571558, -906.571558, -769.450209, -769.450209, -769.450209, -769.450209, -780.101246, -780.101246, -892.907719, -855.202093, -851.130996, -851.130996, -851.130996, -851.130996, -851.130996, -893.418734, -893.418734, -893.418734, -870.564903, -759.783559, -759.783559, -759.783559, -747.27661, -747.27661, -747.27661, -747.27661, -646.240213, -646.240213, -646.240213, -646.240213, -646.240213, -803.895057, -803.895057, -803.895057, -803.895057, -792.433613, -792.433613, -792.433613, -792.433613, -792.433613, -877.877526, -757.786546, -757.786546, -757.786546, -757.786546, -757.786546, -863.943118, -773.946667, -773.946667, -773.946667, -773.946667, -753.030973, -753.030973, -753.030973, -753.030973, -753.030973, -765.107159, -870.279157, -870.279157, -852.649541, -852.649541, -852.649541, -852.649541, -776.296809, -776.296809, -776.296809, -776.296809, -776.296809, -861.050511], "mean_rewards": [-1159.6427238125002, -1172.3186598500001, -1201.576047875, -1208.8651285625, -1217.5840936458333, -1224.27854284, -1241.0699390999998, -1224.84988127, -1225.2865410099998, -1230.1121283599998, -1215.8965228999998, -1202.27387529, -1187.01426567, -1186.49473222, -1152.10458523, -1155.70047187, -1158.21244928, -1169.8634721800001, -1173.1792583899999, -1163.7524501100002, -1153.5850009600001, -1175.7362078400001, -1156.74467855, -1175.6793318100001, -1177.90049315, -1182.2451975600002, -1163.0297785100001, -1156.5200622700002, -1150.32446003, -1152.0646276, -1156.1618676, -1178.59543035, -1180.9953823899998, -1192.45967303, -1166.64082985, -1176.0164886599998, -1160.4868656299998, -1157.5768291499999, -1150.5724475499999, -1174.15606231, -1212.0165594500002, -1208.47449745, -1195.29188176, -1192.81520215, -1178.0700390600002, -1173.31747996, -1179.52460563, -1185.0789518399997, -1179.91512027, -1155.8845330299998, -1143.54055407, -1146.70544457, -1144.6151745, -1151.93242371, -1171.0859774599999, -1181.24222934, -1182.73759694, -1199.0960271099998, -1204.4256827, -1208.46512987, -1198.27585032, -1205.77684932, -1201.12768152, -1195.9325351700002, -1175.52347091, -1172.73505991, -1148.53272638, -1133.84147406, -1123.69742978, -1124.74970492, -1123.9121065699999, -1092.43399477, -1080.48721013, -1078.0462531899998, -1086.74358828, -1085.64406968, -1106.4600275300002, -1142.67245352, -1137.9784306699999, -1143.2101907600002, -1127.98635395, -1129.48883538, -1105.72199382, -1099.1332822900001, -1100.0460553399998, -1108.67050434, -1100.6384051499997, -1098.2348982600001, -1122.2200384900002, -1124.1759986500003, -1117.61227285, -1133.75447396, -1124.51786332, -1109.7160387699998, -1121.9997916200002, -1117.7169196599998, -1101.53897294, -1119.5156793400001, -1113.6808408099998, -1107.8360020599998, -1099.82554658, -1107.90305865, -1102.26867932, -1071.82594369, -1083.88041703, -1079.8756196099998, -1073.04359844, -1090.86293211, -1120.59657578, -1131.4277771700004, -1117.38914277, -1114.5279675299998, -1114.36504858, -1097.09842159, -1083.9918740599999, -1082.3341055299998, -1073.45220002, -1063.72255945, -1062.86654131, -1078.5706652199997], "median_rewards": [-1155.491767, -1149.726376, -1180.1334259999999, -1183.1858875, -1184.847092, -1184.847092, -1215.434039, -1186.7846989999998, -1185.5309969999998, -1181.420713, -1132.9941589999999, -1078.537611, -1077.290062, -1078.015547, -1065.4567084999999, -1042.9290409999999, -1059.9279495, -1054.754295, -1063.0491425, -1048.021778, -1050.7958035000001, -1065.4238965, -1062.427052, -1076.5870065, -1098.6827315, -1104.161251, -1101.7694620000002, -1102.816585, -1095.8088659999999, -1086.6879545000002, -1077.302537, -1098.5713380000002, -1088.2822725, -1098.5713380000002, -1083.2878719999999, -1086.122094, -1082.1011334999998, -1083.9735655, -1082.786827, -1099.0223435, -1135.2412795, -1116.6817885, -1101.4732025, -1101.4732025, -1096.5474445, -1096.5474445, -1097.51996, -1103.0232445, -1107.1720344999999, -1090.7933925000002, -1088.4933890000002, -1099.1271465, -1100.202804, -1112.9580485, -1122.7321485, -1122.9082455, -1121.8152625, -1130.3877284999999, -1122.844538, -1122.1621775, -1118.762812, -1115.5105145, -1118.735655, -1121.105525, -1106.752276, -1112.3872875000002, -1106.3940675, -1086.998125, -1070.4256995, -1061.980555, -1038.8149675, -1026.78901, -1018.7742895, -1002.915207, -997.4690045, -1000.7620915, -1002.8881664999999, -1064.3193645000001, -1071.506318, -1071.506318, -1038.3719165, -1053.4849265, -1040.210873, -1034.971097, -1036.4354250000001, -1048.3999525, -1039.9452075, -1038.939895, -1051.701665, -1079.5090645, -1076.877714, -1085.2327719999998, -1090.00152, -1085.2057335, -1089.1290615, -1080.4407575, -1072.1988005, -1072.1988005, -1070.090693, -1031.28297, -1022.7172185000001, -1042.8650165, -1035.982364, -1013.7754755000001, -1037.6430665, -1016.261129, -1014.7146264999999, -1014.813392, -1033.5935610000001, -1035.903529, -1035.903529, -1046.324359, -1050.691594, -1023.07322, -1024.4959525, -1029.3347365, -1028.5644415000002, -1028.5644415000002, -1027.9470775, -1031.3761715],