{"min_rewards": [-1685.225594, -1808.619656, -1824.314846, -1878.713291, -1878.713291, -1878.713291, -1878.713291, -1878.713291, -1815.044826, -1815.044826], "max_rewards": [-854.455077, -772.665145, -754.9973, -754.9973, -754.9973, -754.9973, -754.9973, -752.415356, -752.415356, -752.415356], "mean_rewards": [-1159.6427238125002, -1172.3186598500001, -1201.576047875, -1208.8651285625, -1217.5840936458333, -1224.27854284, -1241.0699390999998, -1224.84988127, -1225.2865410099998, -1230.1121283599998], "median_rewards": [-1155.491767, -1149.726376, -1180.1334259999999, -1183.1858875, -1184.847092, -1184.847092, -1215.434039, -1186.7846989999998, -1185.5309969999998, -1181.420713], "nr_episodes": [8192, 12288, 16384, 20480, 24576, 28672, 32768, 36864, 40960, 45056], "times": [1.1227169036865234, 1.0105953216552734, 1.0266554355621338, 1.0360159873962402, 1.0056126117706299, 0.9988389015197754, 1.0011646747589111, 0.9964408874511719, 0.9986181259155273, 1.007871150970459], "num_total_steps": [8192, 12288, 16384, 20480, 24576, 28672, 32768, 36864, 40960, 45056]}