{"min_rewards": [-1685.225594, -1808.619656, -1824.314846, -1878.713291, -1878.713291, -1878.713291, -1878.713291, -1878.713291, -1815.044826, -1815.044826, -1787.36812, -1767.436627, -1767.436627, -1848.871314, -1848.871314, -1848.871314, -1848.871314, -1848.871314, -1802.571443, -1802.571443, -1802.571443, -1801.796276, -1801.796276, -1814.262292, -1814.262292, -1814.262292, -1814.262292, -1781.43777, -1660.794079, -1660.794079], "max_rewards": [-854.455077, -772.665145, -754.9973, -754.9973, -754.9973, -754.9973, -754.9973, -752.415356, -752.415356, -752.415356, -752.415356, -752.415356, -761.557245, -787.42993, -751.529532, -751.529532, -751.529532, -751.529532, -798.154197, -765.954596, -755.996061, -743.266827, -743.266827, -743.266827, -743.266827, -743.266827, -748.312577, -646.486532, -646.486532, -646.486532], "mean_rewards": [-1159.6427238125002, -1172.3186598500001, -1201.576047875, -1208.8651285625, -1217.5840936458333, -1224.27854284, -1241.0699390999998, -1224.84988127, -1225.2865410099998, -1230.1121283599998, -1215.8965228999998, -1202.27387529, -1187.01426567, -1186.49473222, -1152.10458523, -1155.70047187, -1158.21244928, -1169.8634721800001, -1173.1792583899999, -1163.7524501100002, -1153.5850009600001, -1175.7362078400001, -1156.74467855, -1175.6793318100001, -1177.90049315, -1182.2451975600002, -1163.0297785100001, -1156.5200622700002, -1150.32446003, -1152.0646276], "median_rewards": [-1155.491767, -1149.726376, -1180.1334259999999, -1183.1858875, -1184.847092, -1184.847092, -1215.434039, -1186.7846989999998, -1185.5309969999998, -1181.420713, -1132.9941589999999, -1078.537611, -1077.290062, -1078.015547, -1065.4567084999999, -1042.9290409999999, -1059.9279495, -1054.754295, -1063.0491425, -1048.021778, -1050.7958035000001, -1065.4238965, -1062.427052, -1076.5870065, -1098.6827315, -1104.161251, -1101.7694620000002, -1102.816585, -1095.8088659999999, -1086.6879545000002], "nr_episodes": [8192, 12288, 16384, 20480, 24576, 28672, 32768, 36864, 40960, 45056, 49152, 53248, 57344, 61440, 65536, 69632, 73728, 77824, 81920, 86016, 90112, 94208, 98304, 102400, 106496, 110592, 114688, 118784, 122880, 126976], "times": [1.1227169036865234, 1.0105953216552734, 1.0266554355621338, 1.0360159873962402, 1.0056126117706299, 0.9988389015197754, 1.0011646747589111, 0.9964408874511719, 0.9986181259155273, 1.007871150970459, 1.0414347648620605, 1.005319595336914, 1.007462501525879, 1.0010449886322021, 1.0078022480010986, 1.0075404644012451, 1.0116798877716064, 1.0337371826171875, 1.0272903442382812, 1.0322742462158203, 1.023592472076416, 1.0129218101501465, 0.9993278980255127, 1.014516830444336, 1.0169987678527832, 1.0095875263214111, 1.0186104774475098, 1.0152363777160645, 1.0041892528533936, 1.0127663612365723], "num_total_steps": [8192, 12288, 16384, 20480, 24576, 28672, 32768, 36864, 40960, 45056, 49152, 53248, 57344, 61440, 65536, 69632, 73728, 77824, 81920, 86016, 90112, 94208, 98304, 102400, 106496, 110592, 114688, 118784, 122880, 126976]}