{"min_rewards": [-1685.225594, -1808.619656, -1824.314846, -1878.713291, -1878.713291, -1878.713291, -1878.713291, -1878.713291, -1815.044826, -1815.044826, -1787.36812, -1767.436627, -1767.436627, -1848.871314, -1848.871314, -1848.871314, -1848.871314, -1848.871314, -1802.571443, -1802.571443, -1802.571443, -1801.796276, -1801.796276, -1814.262292, -1814.262292, -1814.262292, -1814.262292, -1781.43777, -1660.794079, -1660.794079, -1748.675005, -1748.675005, -1776.297034, -1788.054099, -1788.054099, -1788.054099, -1788.054099, -1788.054099, -1733.859528, -1748.969064, -1857.409041, -1857.409041, -1857.409041, -1857.409041, -1811.197809, -1811.197809, -1873.178551, -1873.178551, -1873.178551, -1873.178551, -1873.178551, -1758.998669, -1809.770728, -1809.770728, -1809.770728, -1809.770728, -1809.770728, -1800.784769, -1800.784769, -1800.784769, -1800.784769, -1800.784769, -1775.276943, -1775.276943, -1775.276943, -1775.276943, -1767.047941, -1767.047941, -1767.047941, -1767.047941, -1767.047941, -1753.921496, -1753.921496, -1769.222408, -1799.814941, -1799.814941, -1839.160628, -1839.160628, -1839.160628, -1839.160628], "max_rewards": [-854.455077, -772.665145, -754.9973, -754.9973, -754.9973, -754.9973, -754.9973, -752.415356, -752.415356, -752.415356, -752.415356, -752.415356, -761.557245, -787.42993, -751.529532, -751.529532, -751.529532, -751.529532, -798.154197, -765.954596, -755.996061, -743.266827, -743.266827, -743.266827, -743.266827, -743.266827, -748.312577, -646.486532, -646.486532, -646.486532, -646.486532, -646.486532, -794.172951, -794.172951, -794.172951, -814.484999, -855.45953, -855.45953, -855.45953, -746.307585, -746.307585, -746.307585, -746.307585, -746.307585, -773.958677, -773.958677, -773.958677, -891.012528, -900.070518, -901.263558, -901.263558, -906.571558, -906.571558, -769.450209, -769.450209, -769.450209, -769.450209, -780.101246, -780.101246, -892.907719, -855.202093, -851.130996, -851.130996, -851.130996, -851.130996, -851.130996, -893.418734, -893.418734, -893.418734, -870.564903, -759.783559, -759.783559, -759.783559, -747.27661, -747.27661, -747.27661, -747.27661, -646.240213, -646.240213, -646.240213], "mean_rewards": [-1159.6427238125002, -1172.3186598500001, -1201.576047875, -1208.8651285625, -1217.5840936458333, -1224.27854284, -1241.0699390999998, -1224.84988127, -1225.2865410099998, -1230.1121283599998, -1215.8965228999998, -1202.27387529, -1187.01426567, -1186.49473222, -1152.10458523, -1155.70047187, -1158.21244928, -1169.8634721800001, -1173.1792583899999, -1163.7524501100002, -1153.5850009600001, -1175.7362078400001, -1156.74467855, -1175.6793318100001, -1177.90049315, -1182.2451975600002, -1163.0297785100001, -1156.5200622700002, -1150.32446003, -1152.0646276, -1156.1618676, -1178.59543035, -1180.9953823899998, -1192.45967303, -1166.64082985, -1176.0164886599998, -1160.4868656299998, -1157.5768291499999, -1150.5724475499999, -1174.15606231, -1212.0165594500002, -1208.47449745, -1195.29188176, -1192.81520215, -1178.0700390600002, -1173.31747996, -1179.52460563, -1185.0789518399997, -1179.91512027, -1155.8845330299998, -1143.54055407, -1146.70544457, -1144.6151745, -1151.93242371, -1171.0859774599999, -1181.24222934, -1182.73759694, -1199.0960271099998, -1204.4256827, -1208.46512987, -1198.27585032, -1205.77684932, -1201.12768152, -1195.9325351700002, -1175.52347091, -1172.73505991, -1148.53272638, -1133.84147406, -1123.69742978, -1124.74970492, -1123.9121065699999, -1092.43399477, -1080.48721013, -1078.0462531899998, -1086.74358828, -1085.64406968, -1106.4600275300002, -1142.67245352, -1137.9784306699999, -1143.2101907600002], "median_rewards": [-1155.491767, -1149.726376, -1180.1334259999999, -1183.1858875, -1184.847092, -1184.847092, -1215.434039, -1186.7846989999998, -1185.5309969999998, -1181.420713, -1132.9941589999999, -1078.537611, -1077.290062, -1078.015547, -1065.4567084999999, -1042.9290409999999, -1059.9279495, -1054.754295, -1063.0491425, -1048.021778, -1050.7958035000001, -1065.4238965, -1062.427052, -1076.5870065, -1098.6827315, -1104.161251, -1101.7694620000002, -1102.816585, -1095.8088659999999, -1086.6879545000002, -1077.302537, -1098.5713380000002, -1088.2822725, -1098.5713380000002, -1083.2878719999999, -1086.122094, -1082.1011334999998, -1083.9735655, -1082.786827, -1099.0223435, -1135.2412795, -1116.6817885, -1101.4732025, -1101.4732025, -1096.5474445, -1096.5474445, -1097.51996, -1103.0232445, -1107.1720344999999, -1090.7933925000002, -1088.4933890000002, -1099.1271465, -1100.202804, -1112.9580485, -1122.7321485, -1122.9082455, -1121.8152625, -1130.3877284999999, -1122.844538, -1122.1621775, -1118.762812, -1115.5105145, -1118.735655, -1121.105525, -1106.752276, -1112.3872875000002, -1106.3940675, -1086.998125, -1070.4256995, -1061.980555, -1038.8149675, -1026.78901, -1018.7742895, -1002.915207, -997.4690045, -1000.7620915, -1002.8881664999999, -1064.3193645000001, -1071.506318, -1071.506318], "nr_episodes": [8192, 12288, 16384, 20480, 24576, 28672, 32768, 36864, 40960, 45056, 49152, 53248, 57344, 61440, 65536, 69632, 73728, 77824, 81920, 86016, 90112, 94208, 98304, 102400, 106496, 110592, 114688, 118784, 122880, 126976, 131072, 135168, 139264, 143360, 147456, 151552, 155648, 159744, 163840, 167936, 172032, 176128, 180224, 184320, 188416, 192512, 196608, 200704, 204800, 208896, 212992, 217088, 221184, 225280, 229376, 233472, 237568, 241664, 245760, 249856, 253952, 258048, 262144, 266240, 270336, 274432, 278528, 282624, 286720, 290816, 294912, 299008, 303104, 307200, 311296, 315392, 319488, 323584, 327680, 331776], "times": [1.1227169036865234, 1.0105953216552734, 1.0266554355621338, 1.0360159873962402, 1.0056126117706299, 0.9988389015197754, 1.0011646747589111, 0.9964408874511719, 0.9986181259155273, 1.007871150970459, 1.0414347648620605, 1.005319595336914, 1.007462501525879, 1.0010449886322021, 1.0078022480010986, 1.0075404644012451, 1.0116798877716064, 1.0337371826171875, 1.0272903442382812, 1.0322742462158203, 1.023592472076416, 1.0129218101501465, 0.9993278980255127, 1.014516830444336, 1.0169987678527832, 1.0095875263214111, 1.0186104774475098, 1.0152363777160645, 1.0041892528533936, 1.0127663612365723, 1.0178089141845703, 1.0083062648773193, 1.0053291320800781, 1.0028467178344727, 1.0076611042022705, 1.01824951171875, 1.0108797550201416, 1.0209338665008545, 1.0345604419708252, 1.0023531913757324, 1.0023407936096191, 0.9908733367919922, 1.0251803398132324, 1.0119640827178955, 1.018723487854004, 1.036494255065918, 1.0096464157104492, 1.0216803550720215, 1.00215744972229, 1.0131256580352783, 1.027693510055542, 1.004518985748291, 1.0016438961029053, 0.9976000785827637, 1.010643482208252, 1.0033879280090332, 0.9994776248931885, 1.0047249794006348, 1.005704641342163, 1.00004243850708, 1.0189571380615234, 1.003577470779419, 1.0010571479797363, 1.0188031196594238, 1.0050923824310303, 1.0017399787902832, 1.0086543560028076, 1.032715082168579, 0.9950892925262451, 1.0129375457763672, 1.0198862552642822, 0.9880588054656982, 1.0068652629852295, 1.0264370441436768, 1.0065498352050781, 1.0097496509552002, 0.9954030513763428, 1.0011224746704102, 1.0039806365966797, 1.0140283107757568], "num_total_steps": [8192, 12288, 16384, 20480, 24576, 28672, 32768, 36864, 40960, 45056, 49152, 53248, 57344, 61440, 65536, 69632, 73728, 77824, 81920, 86016, 90112, 94208, 98304, 102400, 106496, 110592, 114688, 118784, 122880, 126976, 131072, 135168, 139264, 143360, 147456, 151552, 155648, 159744, 163840, 167936, 172032, 176128, 180224, 184320, 188416, 192512, 196608, 200704, 204800, 208896, 212992, 217088, 221184, 225280, 229376, 233472, 237568, 241664, 245760, 249856, 253952, 258048, 262144, 266240, 270336, 274432, 278528, 282624, 286720, 290816, 294912, 299008, 303104, 307200, 311296, 315392, 319488, 323584, 327680, 331776]}