# {"t_start": 1592860555.9273503, "env_id": "Acrobot-v1"} 
r,l,t
-500.0,500,0.950916
-500.0,500,1.799855
