# {"t_start": 1592860555.9410617, "env_id": "Acrobot-v1"} 
r,l,t
-500.0,500,0.937268
-500.0,500,1.786232
