# {"t_start": 1592860555.954911, "env_id": "Acrobot-v1"} 
r,l,t
-500.0,500,0.923451
-500.0,500,1.772391
