# {"t_start": 1592860555.9690444, "env_id": "Acrobot-v1"} 
r,l,t
-500.0,500,0.909293
-500.0,500,1.758248
