# {"t_start": 1592860555.984225, "env_id": "Acrobot-v1"} 
r,l,t
-500.0,500,0.894165
-500.0,500,1.743096
