# {"t_start": 1592860555.9981873, "env_id": "Acrobot-v1"} 
r,l,t
-500.0,500,0.88031
-500.0,500,1.729132
