# {"t_start": 1592860556.0120788, "env_id": "Acrobot-v1"} 
r,l,t
-500.0,500,0.866418
-500.0,500,1.715275
