# {"t_start": 1592860556.0263376, "env_id": "Acrobot-v1"} 
r,l,t
-500.0,500,0.852183
-500.0,500,1.701076
